v 0.0333026227907198 -0.04661773839845126 -0.09510128799176353
v -0.03665559662794359 -0.04093106994134454 0.09508383541231784
v -0.04158353861603447 0.009773673475593339 0.10092867195535725
v 0.0019756779108567463 0.05136120528088449 0.097902242338402
v -0.013882345244523503 -0.10108114776809711 0.041949281336450345
v 0.10974020243141058 0.014480965000731386 -0.002069007231708435
v -0.01686201706829868 -0.07389278610844817 -0.08003346936227464
v 0.0708310413889105 0.052831268636431186 0.06720827120688934
v 0.0740472126840242 0.020058370257154165 0.08038676800786161
v 0.017777631747582304 -0.09308616138615705 0.05596524622656385
v 0.09833235362765438 -0.04856694244408423 -0.00983791476812483
v 0.02826190547961105 -0.10669232340881626 -0.010529403202761222
v -0.0965956265007006 0.011174966618637913 0.050585411854015994
v 0.0021815949626257797 0.07047355221012339 -0.08537734717011339
v -0.09334853670784543 -0.03084213125850594 0.048506945609267785
v 0.050330942952383884 -0.09082570876756219 -0.036437055842146134
v 0.09998845667278694 0.007840765331786487 -0.04769788070696608
v -0.0028551252542368954 0.07092334104209702 -0.08510820948129708
v -0.10601955715950676 -0.019246446264278606 -0.02603755329731352
v -0.09343509796331521 -0.05498780579139355 0.02077907226371797
v -0.09835188021847599 -0.050026920000868655 0.0037618257866688827
v 0.013246367466365677 0.10298543489512796 -0.0384127589594143
v 0.013912395269468553 0.07810016515671034 -0.07794349046180546
v -0.09763302520142392 0.02665236817514867 -0.04186572526289348
v -0.05843409928816051 -0.08685869531777053 -0.03391496381990966
v -0.09846447278715692 0.04920664607774568 -0.0013926583489758428
v -0.06793918863230651 0.08128043451668676 -0.029727564423020464
v 0.04284915411264914 -0.09910407787150202 0.023700881502529168
v 0.09739605637398385 -0.049660740370605624 -0.018146873919873952
v 0.0730062091641826 0.007972801858012316 0.08321269115083514
v -0.02650394398175602 0.04313493412620051 0.09784430090359367
v -0.01993965872593506 0.048861684969754834 0.09657218010923836
v 0.04958802215730576 -0.027383389607953577 0.09507056781503415
v 0.07756363446761813 -0.010917096042329169 0.07851097004965944
v -0.003393346295060093 -0.09150328446197101 0.06145083935486739
v -0.024395764987928212 0.043598452519874 -0.09758454302321841
v 0.10082419436647139 0.04535232046993763 0.00386133495969624
v 0.008283461397772252 -0.105427409634849 -0.033459612224024105
v 0.09115053419130995 -0.029634857678994375 0.056268188357567375
v -0.051617580244824636 -0.008794004775489084 0.09607520866056152
v 0.04851940715048819 -0.08535973817933461 0.05059964317077002
v 0.08315821202647447 -0.02727533131961716 0.06754491703324779
v 0.08226567583468372 -0.017755882088912107 0.07275467717687889
v 0.09899654104236788 -0.03976943242710931 -0.028002191184633787
v 0.10306362710371161 -0.023625308878161146 -0.031959967142151456
v 0.02846685744369659 -0.024767443701589523 0.10438091436411442
v -0.07644112812756894 -0.01815974036940006 -0.07647883154970524
v 0.026256601649834024 0.0955358661948823 0.04905820687508029
v 0.10468262006191079 -0.030071401408725974 -0.016838945861893925
v 0.038739391040361004 -0.05255456438351644 0.08894600615853628
v 0.07716498737161431 -0.07154045120541691 0.03443029386930034
v 0.09238703854696578 0.034575500882723556 0.04968306543946634
v 0.10543448797536045 0.03259597591141987 -0.0072893796567634886
v 0.1081640994146486 0.020353164633832493 0.013120849254132746
v -0.1102172482508641 -0.005356391438118446 -0.008629655967884635
v 0.08733521282395915 -0.04708175273663669 -0.0493362096309381
v 0.003964484804476864 -0.031624375333173124 0.10573725461119991
v 0.061805726417003715 0.0863205086914062 0.029853617037389864
v 0.023035763242898993 -0.10744002106214437 0.012064055923318173
v -0.06107143339866978 0.010303159808201234 0.08898477636724915
v 0.010001211364478638 -0.060055697371533115 0.09232848116145756
v 0.05948527118792485 0.07956046195371941 0.04752531852938052
v -0.06642432215036223 -0.03997612990427875 0.07680390307418115
v 0.005360829473085624 -0.0700147831299639 0.08577197579083844
v 0.10644573745683375 0.0029742650029856016 0.02916450059169279
v 0.03978610950342623 -0.03787808721351858 0.09586089288266586
v -0.06689674353743993 0.07698429044143609 0.04009735893656395
v 0.09714071575787972 -0.02278728473676777 0.0479286055255828
v 0.06628535854312737 -0.0881385715629937 -0.00869636798560115
v 0.03948985459797766 -0.02393588301200468 0.10076982138823996
v 0.0556505445534759 -0.07979163769216795 -0.053607046153642465
v 0.09538877842817811 -0.005033106078544451 0.056715118247774615
v 0.06270053649847313 -0.07190456423588973 -0.056414900447813124
v -0.06248121214807036 -0.06619292637435784 0.06267448466239574
v 0.013151313250612737 -0.008525813101208153 0.11006063269523944
v 0.0807382900758119 -0.05012844235985797 -0.056627291279329486
v 0.027692321006148143 -0.09842124906858504 0.04041765466712534
v 0.0922223334794571 -0.039872684958012924 -0.045648556836157844
v 0.08365013369958935 -0.04571260232079727 -0.05701520251095096
v 0.058652001259428016 0.0931593674481718 0.0071641510658458675
v 0.06201671306340373 0.05359298304959065 0.07537559963707939
v -0.020102804846541644 -0.05294995196844525 0.09457288976015808
v 0.04857572797853879 -0.04303323514428041 0.08959526870716045
v -0.03982744890774759 0.04418477689208851 0.09108656998716866
v 0.08015873506784904 0.07584429822856317 -0.0029328866498590095
v 0.06830127538505365 -0.07988552409823688 0.03429605837445897
v 0.059405998232699375 -0.03771315882694101 0.08524434885842382
v -0.05032260624100886 0.04777836510731434 0.08421556616796519
v 0.013527179408201473 -0.10730023092147065 0.021612754844736595
v 0.09247547547732643 -0.03752308052749423 -0.0488752785976235
v 0.03539726093829616 -0.10347841994561627 0.016792315071850757
v 0.05183598250156618 0.012731050567743929 0.0980867814863995
v -0.07316023695566913 -0.07621866449738028 0.032881435534104914
v 0.10970223661043985 -0.009855310508149709 -0.0060189750094329355
v -0.014427133161323935 0.0317732530758635 0.10482810997824481
v 0.05949025844942901 -0.02798848474108881 0.08897209493938565
v 0.07115570835059182 0.04422765549005846 0.07314025711671987
v -0.09554467773940449 -0.039445152233081045 0.037703940286315366
v 0.06863451545663546 -0.043607628113484516 0.07511542346566066
v -0.06133920975486628 -0.015404930538702476 0.0891321554887794
v 0.08107664493580768 0.034855323633903285 0.06763574010129918
v -0.06424224297744223 -0.034300680346219165 0.08167655292080803
v -0.11042996654226628 0.00047891238110250867 0.005350841293226341
v -0.030426674288697907 -0.10650076254766029 0.0017221514958079207
v -0.015739794462882872 -0.10850788387199575 -8.615561119157053e-05
v 0.1075653391404616 0.02806612704806173 -0.002780714396459563
v -0.06131063649103581 -0.04568485037863628 0.07856425258915638
v 0.0022353241276551333 -0.11021644030741252 0.0016838248932713774
v 0.04111033347083745 0.05609350169483904 0.08653172514097618
v -0.08613736601362806 0.01798235025236178 0.0637819224239129
v -0.03539917200981296 0.07236012442915307 0.0743552867894638
v -0.041841021259506464 0.06973590470706911 0.07344456068511125
v 0.026107115874778902 0.03345454809191176 0.10291313346459231
v 0.10041676271665603 -0.028501325732056083 0.03823545248947649
v 0.02894331282316652 -0.04192186138820737 0.09814568430088842
v -0.098435226734772 0.04837210015595292 0.009261941715056628
v -0.015432348627279824 0.08252833771094314 0.07143358192205247
v -0.026181908339078776 0.08553146325030189 0.06410192933549996
v 0.02703481540066517 -0.05594541296194008 0.0912246883830032
v 0.04419470155259825 -0.10154080817110733 -0.007439820627361794
v -0.05639816060561509 -0.06629862774030403 0.06660881888619345
v 0.0008728083267516978 -0.10422011213365105 0.03720974110226863
v -0.06653029191171407 -0.08760530278731359 0.003364013272061638
v 0.0057273122808531585 -0.10150936695879202 0.039596073743519214
v 0.06366162061137848 0.01131598429731688 0.09072547125005195
v 0.07775899224230592 0.0008398132608507525 0.07968170713768374
v 0.057865553078580184 -0.08989334569322352 -0.030720609635308246
v 0.010703078211863462 -0.08936017402398323 0.06353163597398356
v 0.03599225917553146 0.09637631340535951 0.040787544014170174
v -0.0673378354780928 -0.07467206129689583 0.04574952333439852
v 0.08754164801900896 -0.05923160750462017 -0.03317349091715992
v -0.05666816904329013 -0.08793514969488381 0.03504257177316479
v 0.1079373748997216 -0.018113803937198657 0.012270799769613778
v -0.006307031050842307 -0.09233270847425312 0.05905391777636933
v -0.04883224363140527 -0.03655026696756829 0.0912063898570254
v 0.0010318967046819422 -0.1082885204781516 -0.021962680529701645
v 0.08197782906634477 0.07066936327482692 0.02119388625882038
v 0.04243132261173169 -0.007330204745828989 0.10220738870182977
v 0.0632680979032072 -0.07935960264325678 0.043711859151899096
v -0.0716645263700159 0.022372021447712456 0.07742930125115169
v 0.051865817294433486 -0.013903112086624113 0.09710666270443712
v 0.0951565961620941 0.045936065357008074 0.03166183013720433
v 0.014771342351900432 -0.10309718152480109 -0.03833000108856764
v -0.043074826029624175 0.05029784556264137 0.08680577729254646
v 0.04968790266835546 -0.08989591700420275 -0.042280477499969535
v 0.04700860584916891 0.07273184725952195 0.06927364986833932
v 0.0227827718798244 0.06762699615594722 -0.08477069363579295
v 0.10008335944412647 -0.04353752546021798 -0.016704595684904282
v 0.1033324404312406 0.010795768876128417 0.037645609163115906
v 0.10257842414613069 -0.03306298278365097 0.02372327872741498
v -0.07867228890506572 -0.0533774391088485 0.054647507776710555
v 0.037482859718455636 0.038195706427526385 0.09761318652604539
v 0.10451668334659597 -0.02940195974908498 0.019841447323438576
v 0.015557382045249327 -0.08079402841898045 0.07391656058962989
v 0.10659498097645631 0.013279964727036478 -0.02761904527395511
v 0.0451272529894135 -0.0824469863259016 -0.058958780914830256
v 0.0940692445159586 -0.03537929432769487 -0.04342951414742369
v 0.06207348241227417 -0.052909829625473075 0.07474165552079123
v -0.009920756347437457 0.04692149852325432 0.09937779010552951
v 0.0038367647040088576 -0.018521890986251136 0.10830546285161462
v 0.07046555938746485 -0.05074653759362057 0.06882278102044984
v 0.07768415743127463 0.028181606671909526 0.07445210656006364
v -0.046529911625172005 0.050373081418154525 -0.08541479144116819
v -0.06708695846361276 -0.027324768292723976 0.0802171294661714
v 0.011522846413345014 -0.006535565201762988 0.10928895623811674
v 0.06954942648244206 -0.08628854376746098 -0.008210377880470113
v 0.03025323869586298 0.061597300707714825 0.08739130994683801
v 0.10191355375684966 0.036587786038342174 -0.019317201624063474
v 0.03666397072651946 -0.10286838734286609 -0.019876170659003684
v 0.01974241658594432 0.005576187266970331 0.10857965035312457
v -0.08621963741654821 -0.04123891071417768 -0.05242731188931048
v -0.037619709624475826 -0.001481234474155324 0.10166417010522102
v 0.035845944229634205 0.013886284399646759 0.10438628217467699
v -0.0380361700761984 0.042154625910017535 -0.09405552909355241
v -0.05156197114471287 -0.0960341079713559 0.016539465729338603
v -0.09193975206673947 -0.01569987932471769 0.05758956288212792
v -0.024402243510735777 -0.06419494030841652 0.08638687873984702
v 0.04532442489153396 0.016332264542505234 0.10001835899183056
v 0.10376590473251127 0.019286577582066075 -0.034875803057796445
v -0.05022119823454699 0.03082965049056796 -0.0925877375906503
v 0.0769660486760678 -0.07712200039775059 0.019161769865362107
v -0.01853031342164957 -0.09551999226459333 0.05193365855098972
v 0.06105940972305879 0.016463621210105542 0.09171796716427655
v -0.013115367997285798 -0.06213377430570452 0.09046133849713735
v -0.04436218980541651 0.042589359792368095 0.09025468686132676
v 0.02890481918337212 -0.07874592820148092 0.07166793533153762
v 0.04200670129985279 -0.10233668782008432 0.004905964813683307
v 0.0974875338484828 0.018629896043254185 0.04886398804243654
v -0.02374601117745076 0.024788408138413445 0.10459064308029548
v 0.09199415623639443 0.05741827863782492 -0.021519212998369883
v -0.08039214147105206 -0.06923158137519737 0.030181167535432544
v 0.05257786232004047 -0.09745047185753612 0.0015903957208970292
v 0.06694930364083282 -0.0887741677570445 -0.002846683067414679
v -0.0031177844659648762 0.06963775693249558 0.08575274675127924
v 0.04945529332529175 -0.07715189517404733 0.0614637602582221
v 0.0767267791093516 0.019055329958038172 -0.07771520487796663
v 0.030545618418115997 -0.063043761862598 0.08581364808778999
v 0.05511847036494666 -0.07656470679924189 0.05793393558946794
v 0.008610947561659851 0.05223036209370763 0.09666441457626852
v -0.0591138151673978 0.054965450528943666 -0.0754628793064398
v 0.09063152770273286 -0.0638140743980455 0.0007407169540891
v 0.016905024413725114 0.04584869843995977 0.0997074781893257
v 0.10924674702017667 0.011899572559710414 -0.01505833876229326
v 0.014852375983038874 -0.054962060986579825 0.09404231110156742
v 0.022695546916337947 0.05810455729465337 0.09160606886277645
v 0.08211979074620518 0.03248755231843528 0.06652090702918376
v 0.044297650530448957 0.08971932310836031 0.047324684320898064
v -0.09620636899173195 -0.001091261438460625 0.052380754090366036
v 0.015937813573736193 -0.048913454916507136 0.09782641512402507
v -0.05515451797869843 0.042347327796403475 -0.0849547155703405
v 0.09752820926707767 -0.04213748497863248 -0.02846245101508425
v -0.0826433976903947 0.0315138220831533 0.0631371649320534
v 0.04827364946901175 0.08084809025569653 0.0588753396627847
v 0.018433644759099352 0.03539553858878454 0.10335799094895877
v 0.05442084762340707 0.07786717899242038 0.0571742848177956
v 0.10661158135830617 0.03137940616076948 0.004682206910471248
v 0.03827291528441304 -0.06093631088505028 0.08321554924786988
v 0.10061575430026587 -0.024519224986740813 0.03863423467586913
v 0.10663855883827289 0.02681554397251107 0.008532993935552804
v -0.005290036541716267 -0.10937635644387553 0.013180957853062052
v 0.004557216467555969 0.09685422347074304 0.05333939438020256
v 0.022026887659058886 -0.1042069211157638 -0.031107615680280736
v 0.010080315501606804 0.09774925616373148 0.05143661183916817
v 0.09978303680393766 -0.04671283252071934 0.004216158194928536
v 0.02910520551845648 -0.012510428617218558 0.10603040344155926
v -0.0533783651757469 -0.09621093505351895 -0.009216714307674172
v -0.08149172781936748 -0.016719237788507278 0.07093358229008344
v -0.06316178651651877 -0.07123891593320165 0.055377157803442226
v -0.04867412453154637 -0.08426953812604043 0.05218724448411033
v -0.07666989140642085 0.05058580737394949 0.05919206964004957
v -0.060057251997985256 0.06226046415605546 0.06667242395227044
v -0.07167381688258066 0.017840265506995218 0.07886946277661172
v -0.03359065155737024 -0.01996996283478842 0.102391285347441
v 0.10699995478743526 0.009511188614906352 0.02440249578247371
v 0.054797790732537405 -0.09344632133866185 -0.02514147810447988
v -0.04414319411330556 0.0782862362108977 0.0626717045448304
v 0.0397792713923871 -0.09485172540865454 0.040858446630740966
v 0.06362698075220236 -0.09003196670872779 0.0117477877598968
v -0.029606948983643237 -0.07793368221676003 0.07187079286422936
v -0.016891560031860237 -0.08474023180075096 0.06945807848464836
v -0.032801795020124556 0.08643830524441073 0.05885422255464731
v 0.0660083347251251 -0.08725748214958952 0.017797030910453152
v -0.03953417779854286 0.03490993230392503 0.09621712091946664
v 0.0831014747536131 -0.07094706247809368 0.018580943194851707
v 0.08086754815921496 -0.07566877793255086 0.002530976264660409
v -0.030728515241067053 0.04401127297500429 0.09519798531198527
v -0.04096057066629438 -0.10092323904685219 0.01719280612626064
v 0.08845959800460054 0.06524646603111567 0.010119522970529166
v -0.005298446131959525 -0.04962762087993709 0.09839473996397871
v -0.0028166613412174135 0.05359882241068917 0.09685625441877974
v 0.05868505750362746 -0.08238267463499065 -0.046033614309783574
v 0.07191297037319602 -0.07292613879966686 -0.042450729342636315
v 0.09107721017638493 0.05522280908626158 0.028485236875644016
v -0.05130226678335935 0.05217481598582113 0.08014069887104092
v 0.04826707257291235 -0.06507885409703779 0.07596170277163122
v 0.09115660781692539 0.02333361574611474 0.05868025706234817
v -0.014826644032452235 -0.04468728330348534 0.09972814217105556
v -0.07588941525657611 0.004098116986313252 -0.07868706919475917
v -0.036035905805043775 0.06323127900920819 0.08188590449532335
v 0.052825587008927394 -0.06278342296564568 0.07250427636740663
v 0.051832207404698266 -0.06172242231888211 0.07575468142273149
v 0.10444414446202502 -0.012587259537242754 -0.03448905898402059
v -0.025344624006393535 0.05933403049995008 0.0888556821272243
v -0.014473024774587784 0.0645105849046338 0.08815142146828515
v 0.0036379053989741145 -0.10423005613145175 -0.037175313232761596
v 0.09531044390029644 0.05541112793684448 -0.006884238126729437
v -0.011203491079685365 -0.10882298683878452 0.016041768053887687
v 0.024904931732529376 -0.09314694190610187 -0.0549577768569703
v -0.0016908298839765357 -0.06919862342481979 0.08663718049149297
v -0.04056737422412025 0.02061280584274805 0.09958802970456468
v -0.00599119711971316 -0.07858771232479586 0.07798202853339167
v -0.04968583798809408 -0.08426017925912377 -0.050791883753622466
v 0.024693921396164165 0.0858043145531645 0.06536894499200639
v -0.03644320546386278 0.02938397720505692 0.09877206426112657
v 0.034912495178894 0.08439360514080654 0.062460211742953214
v 0.09986243665534153 -0.016107197445357616 -0.045793307264803726
v 0.07645640603747023 0.02106877841598459 0.07667307489080857
v 0.029222142429141035 -0.10680486012589666 0.0026180365032050703
v 0.03175784385368123 0.044846313470901386 0.09646308214147707
v -0.07521447976326892 0.0019157273850974321 0.07837805748732841
v 0.04886195924100842 0.051418297171827054 0.08580234303041728
v -0.0747166245693454 -0.04751092339896465 0.06442412391768325
v 0.0673881841393548 -0.06298714198100774 -0.0615865891315652
v 0.06410573542889356 -0.005350190315244467 0.0901829575571168
v 0.06502647905284092 -0.016562345900371728 0.08802373423912511
v -0.04923369887802352 -0.049040884778461497 0.08512064203700365
v 0.0577931410911961 0.09176963254017806 0.024420151808764414
v 0.07439646935472066 -0.03867098427672531 0.07195152613501123
v 0.012453486381696854 0.060318384226708016 0.09212998216762204
v -0.019558432808301246 -0.10896217770010848 0.003181853104462626
v -0.08641708776358133 0.0035927772276549558 -0.06686842410721179
v -0.011846614967314165 -0.10957971851673581 0.005281954320150495
v 0.005848554373645787 -0.007672422930930671 0.11001811288289236
v -0.06510565696112933 -0.08697725549028947 0.01806830979850014
v -0.07325832322848694 -0.071604138386598 0.0406982607342781
v -0.07277843168785808 -0.028426149418434812 0.07609334406970099
v 0.04039859935843962 -0.04518061414462088 -0.0921707037337807
v 0.07000641777727104 -0.026052107018174286 0.08149581750171075
v -0.042779693238524354 -0.0014841140937578573 0.10130534119310036
v 0.08105164941568968 -0.07425038099964577 -0.014862293505145879
v -0.020747221465681656 -0.011470976113312173 0.10780798002883209
v -0.025690395164527854 -0.027919690706737818 -0.10317118572327524
v 0.021592060102956154 0.10879712252077917 0.0035409287844486576
v -0.037731214389530275 -0.07281050172959758 0.07409007972527971
v -0.010797695925732737 -0.0831563403056018 0.07173398734273677
v 0.017138210645237087 0.10817915838185252 0.0008436078666056376
v -0.09467312757802196 -0.009352364407201212 0.05261298294933946
v 0.05288579203608676 0.06633458076802365 0.07160499434788373
v -0.034202319736604855 -0.07936075769444058 0.06931110137191153
v -0.055323295897518034 -0.0823570907661186 0.04810338413040148
v -0.010627788158523568 0.10870650330905468 -0.014590433048453396
v 0.08914376433931984 0.05161043739005661 0.03937377897872461
v -0.02815445427188041 -0.08901389715424832 0.058968934634682835
v -0.04335446547250273 -0.09782305574322922 0.026673660209870876
v -0.031886836841978 -0.09457519785679136 0.047111350734198615
v -0.0054192049695684225 -0.10729799151599922 0.02594644061688221
v 0.0009300828637078679 -0.10752595411522356 0.024595931850497566
v 0.078926727335804 -0.03646657940606875 0.06927732509894308
v -0.07702259895051175 -0.07237232385299966 0.02761811781355668
v -0.060011987196171804 -0.09225957294808702 0.005028686047629627
v 0.002714698170576929 0.08869296649237665 0.06631352433041988
v 0.013215239336447623 0.09272035868224923 0.05954974433383603
v -0.028563047191825945 0.06608639934372093 0.08313767416628222
v -0.03643830032840709 -0.10385433133772304 -0.0023349560166119904
v -0.03765697448080522 -0.10259667266417233 -0.013848003532076467
v 0.09461792102525943 0.05580630852528157 0.011203308191579841
v -0.07166660819731202 0.03760172989768244 0.07189393531136362
v 0.10479205422754101 0.020504878904066298 0.022675916487308666
v 0.0811595673724288 -0.07535093972987367 -0.004017677067510382
v 0.013716591351809387 -0.062386930180873254 0.09044421756008966
v 0.026333439666529276 0.08289578516831833 0.06904150489321975
v -0.02915976923258054 -0.10634710798394414 -0.004034568807165784
v 0.036398559562267355 0.08253240816576085 0.0648478411046107
v -0.015013598270446002 -0.10918091096224121 -0.006795204084966484
v -0.006796510432352604 -0.10873098992506781 -0.01815191712723583
v -0.03651358043266449 0.0803496108299773 0.06523913665251199
v -0.006065808049691382 -0.10993512325742966 -0.009231718181486702
v -0.07492733990937439 -0.07920970514494263 0.01608505655241479
v -0.028336652750501796 -0.10497569033789414 0.01910297518758137
v 0.07849454593478097 0.05933499547594037 0.05066524422064042
v 0.10884386663744647 -0.00465823261885856 -0.018876528156712674
v 0.06920628151913788 -0.07221797477079359 0.04756795900937935
v 0.08038114834463186 -0.05966996706550521 0.04774456956187717
v -0.05673288427927913 -0.09360290085161962 -0.0062280660934714875
v 0.006687382440508857 -0.10375046090242435 0.03695505549539936
v 0.03697887896967836 -0.09870510022165511 -0.03502160808251862
v 0.10238306825882479 -0.022248424016467795 0.030749912803524068
v 0.1008493712300392 0.03247939720774691 0.031863778012812705
v 0.0152512002886101 -0.10959281946172128 -0.0019975534675832594
v 0.04696493868909371 0.012610614094003866 -0.0989581884797492
v 0.10507311484623677 0.0212512571167114 0.02635813271350147
v 0.10507801028448602 -0.01058916797771628 0.03237711393362255
v -0.062347602618727974 0.06121217874609827 0.06412947946510446
v 0.0012392474161092015 -0.09728469641144909 0.051689902092221254
v 0.09722462902296686 -0.051002338171664025 -0.002597867738927919
v 0.07512368600396255 0.008852524197169795 0.0818831999304235
v 0.0787049370072763 -0.06504730624495435 -0.043040042337817615
v -0.02278277492523982 -0.10574111769326483 -0.021527163991801185
v 0.08336591798927212 0.014899153351683583 0.07171951587153846
v -0.035509132784719205 -0.053033559807929065 0.08966856914562604
v 0.04929673048605532 -0.09800234443090555 0.014178934485014682
v 0.0323934669434017 -0.004346148440062224 0.10568452747280088
v -0.033865792214845654 -0.03040332036781873 0.09983462568011219
v 0.07417211448294417 -0.07906830292831456 -0.02415954617613872
v -0.04375928524739413 -0.09402370662822501 0.03755799330027501
v 0.0645468213282882 0.08680059712869559 0.02408584730525815
v 0.06786682267750282 0.08198855324680951 0.030119402662836792
v -0.056136299112925545 0.024664406562804803 0.08960469145990302
v 0.09089500557655902 -0.04429538233842751 0.04586205147596474
v 0.05411163011763073 -0.0005887581748505039 0.09682251912398512
v 0.05804572644272579 -0.08897948851492879 0.030724523842574517
v 0.04756762492575714 0.05953228299799307 -0.08076000361332472
v 0.09652921675675954 -0.04463744234217354 -0.0308845323584485
v -0.035754506438992265 0.039088717560738256 0.09529226646352133
v 0.08785921464069976 -0.026873089241939978 0.0622112891847271
v -0.012130134267308218 -0.09072553862297517 0.062021828712770635
v 0.08169592550787275 0.06536963218477515 0.035099244956315445
v -0.056540917167653616 -0.06299991518704774 0.07107504353465141
v 0.03280700290687143 -0.07318740718975203 0.07596303129082255
v 0.009184313786337939 0.06723467670060829 0.08758076159598877
v 0.09237526103194496 -0.05815412662897915 0.019079833688469012
v 0.04021312560348905 -0.0765226150379876 0.06868500022854664
v 0.08691789720560647 0.03992913776602794 0.053998015099264385
v 0.012806303219741758 0.07763067536636392 0.07822825161868016
v 0.041453664482455355 0.07718953055477629 -0.06868690336336754
v 0.1013365914436844 -0.042796622808542635 0.010576512895279739
v -0.011000640246250457 0.017629742972049153 0.10820379065790739
v -0.08560347518218082 -0.040155239179146394 0.05554977223571267
v -0.0396520309660406 -0.08712008225225727 0.05478842286896178
v 0.10301202431215836 -0.03922626096306372 0.00753218665323015
v -0.08909639416949498 -0.046548954212730045 0.04427266462487087
v 0.09970021011365604 -0.013255769283366137 0.04623773349068197
v -0.0024055368540499 0.02507669075863321 0.10749705331548369
v -0.0847992175230938 -0.05490597654894477 0.04335549374457617
v 0.10100343570479253 0.000722062849681751 0.0459269447195613
v 0.10778479015930967 -0.019395545811517874 -0.013552340312005716
v -0.0038133098910459323 -0.10771074555286184 0.022038146639811507
v 0.057899130014743894 -0.06191793353800315 0.07128340796654761
v 0.10491186655420764 -0.014264059418206118 0.02981439823520639
v 0.07129527853006071 -0.06263916825191534 0.057213783327957304
v 0.10704696809391415 -0.007851818062138284 0.026351184211983448
v -0.0848893496299171 0.006269258683794424 0.06759932922727553
v 0.09755687975940716 -0.030520195396120664 -0.04219658443023293
v -0.10613237235647341 -0.031133302078201967 -0.007177882895760354
v 0.09340625915568615 0.01179187688266356 0.05873599749332899
v 0.003872225669768567 -0.08224369652962842 0.07340653883831816
v 0.10631338440692306 0.00022852480794646746 -0.03168945901187651
v -0.0860906873261956 -0.03205017078299312 0.05940366531651933
v 0.060779524787977074 0.0844472239794005 0.039678774544277776
v 0.057162071849860385 0.09495894968758758 0.010628809728207574
v -0.046637264060393625 -0.09249509135180471 -0.03689054029309478
v -0.04688340844243993 -0.01997585212279631 0.09688153522565986
v 0.08063396114643018 -0.023589850733210634 0.07203731423063603
v 0.060918426517219515 -0.092067005563905 -0.013060044890916183
v 0.019200009619764147 0.07237396039361421 0.08208753859922904
v 0.10302836198185988 0.034698720399705146 -0.024005841540184265
v -0.02061439945970181 -0.024421552246248958 0.10523172332238319
v -0.07139449898588773 -0.02270214176931345 0.07997295679832596
v 0.011338153886737382 -0.1091220700599164 -0.015333854289726227
v 0.03795957080716858 0.07001419256803004 0.07738897106134723
v 0.09349067644936479 0.03714156036127446 -0.04739121906897874
v 0.10083173506365528 0.018477625772398157 -0.041607778830445835
v 0.09631069254630387 -0.025653917094906997 -0.04904949483123065
v -0.023810009518712164 -0.0774208615779229 0.07524518840015142
v 0.08922546075668591 -0.06314752495829998 -0.01845769718640364
v -0.07034503099982242 -0.06791794103763989 0.05138811568313942
v 0.027172509315684032 0.019966410598461826 0.10611644054062373
v -0.03986060128180437 0.09415784117715292 -0.041895629526836245
v 0.03214131574729884 0.02002202730834203 0.10390819501986748
v -0.039692640930149285 -0.06162582703368784 0.082431855961407
v 0.07118829397425161 0.06723569488887163 0.05094603392292396
v 0.05797616390939839 -0.09102757575253197 -0.024991584009390347
v -0.03772556372648217 0.009216959865808727 0.10202099678819487
v 0.010833425419036993 -0.10931456261943942 0.011113810007443891
v -0.03467009271349605 0.014120499703718287 0.10309139825652011
v -0.052119067622130894 0.056320021653567046 0.07759634093087713
v 0.06742072528754278 -0.08088516274842555 -0.03492483907492282
v 0.10562871484693245 0.024760418442567322 0.022359674220819473
v 0.05261849368191193 -0.09249322923720278 0.029977074666716928
v 0.0456434512429823 0.01931319910249378 0.09996779157827612
v 0.05246257064841539 0.031526630416071386 0.09317550118078871
v -0.06771751395035397 -0.08564991919870346 0.01064233474981183
v 0.008515719205655456 -0.046318875400531034 0.09987025766528411
v -0.018915804093514413 -0.00830329220243043 0.10769656985942472
v 0.0622927196706112 0.08023256931032877 0.04331083199555526
v -0.018255508760996228 0.00543411859171089 0.10826806065918883
v -0.07769812708981505 -0.07421134220310582 0.02399111383811495
v 0.08861661033862098 -0.06436235100966058 0.015991420749993244
v 0.09415654003939719 -0.05906195851748484 -0.005381878358549307
v -0.012174249670454787 0.07414648814737457 0.08081350525238863
v 0.009067566176526667 -0.03662484512857076 0.10324692957224244
v 0.029739240634993794 -0.08732452500592679 0.060529614146918015
v 0.02016396698611475 0.10497901324254871 -0.029056028701522355
v 0.017523275868778818 0.08658926056047575 0.06714311546486607
v 0.06906169437708912 0.06936093608238364 0.053574616925691515
v 0.009972573322149306 0.02808319922198145 0.10651239236469155
v -0.06298579543949187 -0.08478002937354395 -0.030880990324814624
v 0.04738842030230525 0.09314047936715339 0.03687091331173846
v -0.06089441915897879 0.05754175947491803 0.06941768214403607
v -0.06359614848801674 -0.05179280837378804 0.07256611578985322
v -0.04182415469309328 -0.10247512180213268 -0.000409845347901951
v -0.06049471207901816 0.003219056108021451 0.0906038709892825
v 0.06461749555406288 0.06313022001849591 0.06477086492799113
v 0.048468816583830066 0.08276800377039087 0.0549447058055888
v 0.08356836023314074 0.040164612359992 0.060815513555461234
v 0.02156189685994217 -0.07340275007624854 0.07973227606274128
v 0.0513549768744645 -0.08706095574008699 0.04457162631405115
v -0.012506932597887738 0.09270512925194693 0.05866099507348782
v 0.10409505781742465 0.037785714920846286 -0.009116891973156311
v 0.057534157429409094 0.042514348524833254 0.08537515489902006
v 0.09560997411916605 -0.04604702665445445 0.03160213959144828
v -0.07501785485592408 -0.08042462092804661 0.0007392495072928197
v 0.10151784312015219 -0.04380910618521716 -0.0011155956539375938
v -0.08605543477814104 -0.06489285710615991 0.02320496564214165
v 0.0664401566937749 0.03168108289531758 0.08342726674281514
v 0.028935581452897166 -0.10328862355150263 0.02666828838403953
v 0.011647863738900033 -0.03178774750788936 0.10550545113336947
v 0.10410019325713146 -0.025501889012858145 0.026331440203509287
v 0.10941895371285187 0.0030558827245828896 0.012561513347904271
v 0.10972490416307393 -0.007682654796597903 0.006527674973459213
v 0.02686100484394495 -0.09789974797615675 0.043488544833294965
v 0.06403926892330661 -0.0885743282359422 -0.01995371529193005
v 0.0714425343928253 0.011872608172252788 0.08286819405860671
v 0.02455992829941399 0.005080239883275758 0.10795712620394965
v 0.07165928020499052 -0.08403609165767079 0.0003859033478136372
v -0.030701710631309526 -0.10207525036586013 0.0289536679341011
v 0.07922341195093793 -0.07260748350736873 -0.028231209494786413
v -0.0015677288711807985 -0.10714869748311281 -0.0277216345257636
v 0.07335746555787587 -0.08305159557453864 0.004794628633675031
v -0.059609303729334095 -0.021581152763317686 0.08915363503896793
v 0.04941133873020928 -0.09046554537474323 0.03771870200671022
v 0.0880853758411538 0.00047770685563122695 0.0676891011382264
v 0.024070219680104643 -0.10057637910301619 -0.04116406655694287
v 0.07121274474647113 0.0724709537709193 0.04358818250592486
v 0.03797155816228284 -0.09640402749289598 -0.04013028274559701
v 0.09070968047276096 -0.016076290630394834 0.061899520123673626
v 0.10070659116953024 0.041660775811029546 0.01805795573940278
v 0.07967388190050356 0.0529809597802407 0.056633819719696096
v -0.0598174555677746 0.03546869371690638 0.08348240825906444
v -0.05105588506297932 -0.07170849891972755 0.06699790153522556
v 0.08503593507623675 -0.061193616991522155 0.03607689708788396
v -0.0033933312395903192 -0.09910161269919818 0.048456216874603594
v 0.08443053360275982 0.04646759492150859 0.05438741206563577
v 0.1104299665422663 0.0032208536558595707 -0.001797941430214849
v 0.07976602706920005 -0.05377599806246246 -0.05541872553755159
v 0.018652167909177078 0.0776773953821541 0.0761673587470735
v 0.09946279905753816 0.029214666276410964 0.03820993420174522
v 0.09251419351168552 0.03896508637939777 0.04609952212621826
v -0.03488490025383829 -0.004296667287395778 0.1037956295452423
v -0.01902397385733394 -0.10367099269427223 0.03336881186030659
v 0.0746498147624052 0.08095827907408507 0.009825294701432317
v -0.02626228668908761 0.0732596907621858 0.07762780294569131
v -0.009110074397146783 0.1039613744923526 0.03615642874480936
v 0.10579051151468924 0.03197257401510327 -0.014781213240737688
v -0.0021547880109060447 0.08017050651991514 0.07652073965031804
v -0.0007373050199539211 0.03573540926029442 0.10472689657180673
v 0.10690395006150616 -0.026394766417949675 0.002553548018008101
v 0.05250482154794012 -0.07167441864071886 0.06477020518428853
v -0.08352533874124919 -0.02023873576383778 0.06763312297932615
v -0.07825584376712223 -0.03577705553588977 0.06717322332604142
v -0.02291502241840075 -0.03998574869577956 0.10006517810114574
v -0.075421601570965 -0.023172814823324922 0.07482208302876708
v -0.010009959330043547 -0.03238931414850364 0.10498258868421266
v 0.09787698623287608 0.046742223316527096 -0.021373347805831538
v -0.0018131629019949302 -0.017757254053796724 0.10910464200240329
v 0.08220178066227982 -0.04736390447876024 0.057373503581084534
v -0.010351229084785307 -0.0761579331722603 0.07994417822766214
v 0.016478467730642446 -0.10170141007980915 0.04014310702782338
v -0.092757060439111 -0.00910512580771012 0.05710930267938487
v -0.009256989999724075 -0.01075888707157456 0.10929628564719672
v -0.059491270929421365 0.050391347785222626 0.07563754908291023
v -0.005184403851768854 0.006126296641789569 0.10977435451071303
v 0.00784936179033291 0.014433804799497185 0.10923420310069742
v 0.09765993770846107 -0.011518956030113395 -0.051454426210716345
v 0.004593187220389594 0.09301323641831885 -0.059679568926164175
v -0.05077028090967835 0.08885070418545263 -0.04109383461286324
v -0.00402524516454246 0.03230638491129158 -0.10568996625816113
v 0.011682955940035517 0.08805690798309024 -0.06541718107580018
v -0.0889319049825785 -0.05964680192732684 0.027553300950452924
v -0.07195405106650755 -0.06247418105575877 -0.054120601069113566
v -0.10070033613946851 -0.013795848614195722 0.04313006166236705
v 0.05536112937131149 -0.05890109211610451 -0.07610691784704812
v -0.03160005306625373 -0.0493866505508028 -0.09311239854869574
v -0.08253520750243387 0.022357153534792853 -0.06899551360491261
v -0.04580440841045958 0.09198818873292164 0.03724837122817151
v -0.08074593358557963 0.026718252758626743 -0.06754051832698872
v 0.09755801202490921 0.013052267979222223 -0.051422019547862366
v -0.07930007495750914 0.03444199883503336 -0.06766100269597977
v -0.100642424657514 -0.023331824214766234 0.03735491250010729
v 0.03236200564312036 0.0005969791860880314 -0.10534556705950991
v -0.08257842065034582 -0.07241900121268027 0.008715265571369393
v 0.06625590281320748 0.07306096750962632 -0.05122213416137884
v -0.08261638357230758 -0.06470679409825321 -0.03285782282303875
v -0.05229448989426907 -0.033432939062377875 -0.09099448510680096
v 0.0765554025774911 0.07273081008962348 -0.03288402646111761
v 0.0695754300486027 0.026294719244682324 -0.08112864371274414
v 0.03492455615378792 -0.017853318208392185 -0.10287681168382513
v -0.02845857097659108 0.057357352014405116 -0.08969443258023749
v -0.06769691630406141 0.057390010439526504 0.06239528069900083
v 0.008979946766150187 0.09621166198188083 -0.054378548079870595
v -0.07705184777345599 0.014153099818806816 -0.07673205049523021
v -0.1035163905225518 0.00737899174822336 0.036983698916944294
v -0.08029400697791494 0.050233384361500516 -0.055019411271772276
v 0.04207121398865185 -0.06632299957364604 -0.07839577949132613
v -0.07167285370648106 0.0458138899207815 -0.0699339062961885
v -0.02535880805363061 0.09340102480143508 0.05190707212789661
v 0.00010549408422461104 -0.00754747027532289 -0.10982629413062259
v -0.02453581947727629 0.10696068988596008 0.008067553031819174
v 0.07384734610818727 0.07008753960207187 -0.04439400002868943
v -0.0028933545500060415 0.1000321210522366 0.046677487231687326
v 0.0033137559739706834 9.64194900262283e-05 -0.10992016893149513
v 0.006094524287599309 0.012324308953097093 -0.10896286357603256
v 0.0352358284075065 0.006243302517550661 -0.10386082716134686
v 0.021440434065763805 0.10275137426296724 0.034842417250924726
v 0.08607609785232828 -0.03200017951883646 -0.062246627973923066
v -0.0036738507152738187 0.08913727366936613 -0.0653880613166359
v -0.0571390556208011 -0.0913809920690728 -0.02242452399486388
v -0.08335043581359418 0.06355937167543063 -0.03329596035933273
v -0.007944709485630488 -0.0650662127478851 -0.08894476674755371
v -0.1044126818503052 -0.03376610496384038 0.008340772593514845
v -0.03605407707272189 0.07321079997377758 -0.07415418204630349
v 0.07940816359413286 0.03468949798331615 -0.06906285395265183
v -0.03002583744525362 -0.08334953154193611 -0.06553786916133365
v 0.01048124182901318 -0.053385186049769794 -0.09672935589519778
v 0.015093054437864475 0.013051314137824246 -0.108415940491422
v -0.07106387094867414 0.05787972529974536 0.06003495486223663
v -0.10606222313210165 0.007284031507691413 -0.029437780553183277
v -0.10231969135062384 0.021578094548115226 -0.03143891250434993
v -0.058932574303971474 0.07831611127833327 0.04841313772249746
v 0.031165651190697932 0.08998958817529115 -0.05708222505709956
v -0.0464627131428322 0.09034847176411717 0.04184351349982601
v -0.0037408173291444136 0.01520194789682107 -0.10798389610463299
v -0.05067666578079897 -0.01430536460944988 -0.09688025411768979
v -0.10284856687530661 0.032037545701307804 -0.020319189526974944
v -0.10435426102470945 0.021631180838669592 -0.027477750464788717
v 0.041248996487235984 -0.02192906055842963 -0.09999644803678528
v -0.03880714384953654 0.09578686157329877 -0.03876661908895247
v 0.004871275950290507 -0.07466761047524051 -0.08137798478707774
v -0.03910507986207658 -0.012171626575289918 -0.10209288102960715
v 0.01967253512723041 0.05559054832560009 -0.093808119993894
v -0.08319042919067585 -0.07035902145751918 -0.016205537834461114
v 0.01142782057159529 0.06233920366466161 -0.09082107807966484
v -0.0207306971279312 0.09990013733882017 0.04136852618760106
v 0.018817956815319517 -0.07562096706384515 -0.07893585991936261
v -0.03490347879787552 0.00354593487522481 -0.10384181785834622
v -0.022951774546298084 0.09378187016108172 -0.05366290212561063
v -0.09410593871737295 0.057129917469012 0.006096606318149882
v -0.08816471264733503 0.06315393436661165 0.01716562802503778
v -0.10777568212948695 -0.022781011956359253 -0.014551038421596978
v -0.008654659799587697 0.1013687323881555 0.04191418556251017
v 0.06480349904044849 -0.06051419996691119 -0.06557073186892613
v 0.0014458936933380573 0.1068611772442449 0.025919980582131446
v 0.0114110247412504 0.10819993302880665 0.018871170981921478
v -0.09492795829482359 0.0399659676693121 0.037626029535335045
v 0.0005400092248520894 0.0983015402178826 -0.0508867339985698
v 0.05963090329995224 -0.03652219986405776 -0.08541727112700499
v 0.0366679279626856 0.10179228868842113 0.025105801243958576
v -0.10864775625436371 -0.004066659850183875 0.020661988683970383
v 0.014872591931430007 0.08743665333826392 -0.06676364645873212
v -0.06451767424582226 0.08881503018528161 0.009128596532561126
v 0.05238352911982841 0.047494370956972204 -0.08539304563089213
v 0.016373397997816883 0.08190327232408418 -0.0715829850378973
v -0.07640398548367394 0.07029448043343858 0.0357060605103639
v 0.07135803557379111 -0.01818439688711601 -0.08248523283699406
v -0.10017397390953457 0.005701830291516094 -0.04462640121502319
v 0.07563218187652296 0.079666533313201 -0.014484783588204552
v 0.08847167708670989 0.06526102420399943 -0.009581258417685024
v -0.03713916148349854 -0.09508268226160813 -0.04139845200169891
v -0.10904043235714102 0.012811190631875385 -0.01211858728381589
v -0.08673272831853242 0.04006302361764941 -0.05329176648803147
v -0.005728046300030917 -0.1001998512863113 -0.047121921781197326
v -0.10661738605516441 -0.003114874502286709 -0.02871629246972224
v -0.10830981464970633 -0.018255297294007884 0.013406288435416705
v -0.0366743808211286 -0.03701938093345041 -0.09703178840270085
v -0.013252187598207912 0.004389530222353291 -0.10851255170141448
v 0.09938646179171978 -0.00249921677665238 -0.0494318847233918
v -0.09741902169018785 0.04955378562093382 0.016093477326602674
v -0.016059705634299398 0.061218582265999216 -0.09080961245172534
v 0.01172278609548176 -0.09581362058378107 -0.05460444026046711
v 0.049175182192317896 -0.07392882767130657 -0.0662821025450673
v -0.019923149941002735 -0.0333217223102425 -0.1030431175141321
v -0.07499011027506772 0.07812532110950551 -0.020030161108300255
v -0.012084475805956674 0.10670013815261759 0.023415965805833116
v -0.09946888693393117 -0.04767628112360443 -0.006772915591182911
v 0.05705500280358641 0.01990609718136635 -0.0925023941840555
v 0.09646789862976873 0.04950944484808896 -0.026012470242958267
v 0.011379920392317458 0.10917645524577593 -0.010682145786123906
v -0.005518151208552702 0.06328967792556764 -0.09051508483060333
v 0.003865987645574276 0.10872126937158322 0.017341473533412838
v -0.10534963393263388 -0.021367097340669897 -0.022442030727887946
v 0.004564328378733135 -0.01724043400740049 -0.10866522010007294
v 0.07045525427913885 -0.0038740594407480067 -0.0851695243544708
v -0.06712189777043873 -0.0706728799891255 -0.04983633714925985
v 0.06286148756146134 0.04488537469502525 -0.07987127589188693
v -0.018920347135234064 0.10154381481300614 -0.03883295118491245
v -0.057674012252720494 -0.051482514533768946 -0.07810066546735772
v 0.08018206893963681 -0.03377958039027297 -0.06880067988096308
v -0.06619324602324825 0.08043170001458338 0.03388984595309712
v -0.0836945416332521 -0.040799933151543795 -0.057993451905322374
v -0.08237454469587208 -0.04445085021375402 -0.059135271367047104
v -0.0998754631540833 0.04714133254247979 0.0002622347617559431
v -0.05153311170434858 0.0919006778032676 0.03198699975752528
v -0.09632725490922868 0.050592861986229073 0.0025324401000365957
v 0.05801279422741862 0.09492277424663073 0.0019706569476206255
v -0.10484571477671847 -0.025919709007750362 -0.02349827300163685
v 0.06579076688376759 0.08932199220989423 -0.00955748773677011
v -0.02135983546488482 -0.0022111390597667757 -0.10783755916833147
v -0.06697954707617161 -0.0392463663301417 -0.0780106517926849
v -0.10177683247778838 -0.027159811229084035 -0.033300712118385964
v 0.08352747679722453 0.0681393939224047 -0.02598137357315263
v -0.05102843734563107 0.08430679664675814 -0.049068780444727594
v 0.08984648988145713 0.05916606495583375 -0.028337272398416862
v -0.10000488796762828 0.04571937258233552 -0.009406188660500407
v -0.04927970301896096 0.01667408460753067 -0.09643348863013787
v -0.047193067040973286 0.08561652235033015 -0.050804250917027255
v -0.03204636720035868 0.08812470633658911 -0.05835116084167283
v -0.05993113625753528 -0.09230974902768505 -0.004535271053576461
v 0.01187631888510024 0.08432884881881289 -0.07091943384203217
v -0.08880989417424764 -0.04293382667622752 -0.04927872064128494
v 0.0664107423345395 0.029395051866153696 -0.08378399389995222
v 0.08940043057547825 -0.00340398141477654 -0.06520461059986114
v -0.06994689062060382 -0.051702736627423876 -0.0674610257446543
v -0.06484793741738534 0.08781493243806779 -0.014747660902708092
v -0.0122755003055275 -0.040873981080158994 -0.10153629914971199
v -0.10975803321382997 0.012180992112989383 0.006002299385998312
v -0.09263805517408058 -0.059768458783259024 -0.0027940303109208198
v 0.0631968264021942 -0.05892722274815087 -0.06963326631568391
v -0.10705051348448212 0.02374089859222922 0.011828126437080613
v 0.03236323523706226 0.04634734388531164 -0.09553969615412981
v -0.09906216642879327 0.04017773959600687 0.026150966450431263
v -0.10617111438456682 -0.014993955521056819 0.026340463275173583
v -0.031801151352152716 -0.014094251831804537 -0.10454089802658696
v 0.05254099365957707 0.0972030039737938 -0.01326409245486553
v -0.06635595847565867 0.08770357657296265 -0.0036847205422751318
v 0.07315401649081374 0.07502752466979953 -0.03638245491295791
v -0.07970749545194232 -0.029039964669866004 -0.06939458883333102
v 0.04428392966770939 0.053883627218574245 -0.08627062651471865
v -0.0041027938305324 0.10313497067703792 -0.03759963554885434
v 0.08172030959159185 -0.02043796787577365 -0.07196630523464614
v 0.06860217021772921 0.0395939438060266 -0.07778486997151952
v 0.05626696643823992 -0.05127210344810659 -0.08036699173736085
v -0.060044689765146354 -0.07775501312889678 -0.04672726398891504
v -0.10332234049838741 -0.025058229863366796 0.03020514248045732
v -0.04453364534667458 -0.05898969502092728 -0.08133304470962416
v 0.08604615474590224 0.012934156724643417 -0.06900786395182269
v -0.08486107620626027 -0.07028508176285278 -0.0027806312932057518
v -0.1065348004485189 -0.027693654497670188 -0.007897615960587228
v -0.08061396987437744 0.07263764567503722 0.017711185840089207
v -0.10432254054516296 0.03467560207886136 0.00879647721731798
v -0.0063891940034335876 -0.053021438120639044 -0.09577283146003683
v -0.002075577491144301 -0.05053328782812509 -0.09809143583734106
v -0.09433926162278121 0.02468598913766959 -0.04827420489130915
v -0.09622212151562787 0.03290036459249525 0.042436096194815476
v 0.030716484803249483 0.022182159472855664 -0.10365887549732881
v -0.002613515252010243 0.10654865273431555 -0.029563320475964657
v 0.0369878437006205 -0.08816631158525962 -0.05653985851737124
v 0.0027980035380237855 0.07688890139693944 -0.07966563637375633
v -0.09351168508179336 0.03405172171829052 0.044128012753766405
v -0.07035043198789392 0.08412878314383787 -0.002208266558574347
v 0.04613277581914013 0.030275223519671837 -0.09593331214073009
v -0.098954984574007 0.016640210107363093 0.04524636262880935
v -0.017080905893980897 -0.10262504664099546 -0.037174984484409146
v 0.08462335739172969 0.04325344185366445 -0.05733835818663066
v 0.038212474219677606 -0.0006482108822796068 -0.10268080659682766
v -0.009316647479497231 0.10975968157074673 -0.0032332918699172607
v 0.020002062611607516 0.02193721952097713 -0.10620026734375641
v -0.10290860365363984 0.02664000927360817 -0.028975070015580723
v -0.054083221543746056 0.09164449277417211 -0.027995189479865398
v -0.029086276687118183 -0.10169102160336689 -0.031079854217277603
v -0.1019629128380174 0.035683016271558954 -0.02117322302337081
v -0.09063419875139679 -0.06106176790302506 -0.01426843558231192
v 0.06250435335915286 0.09111531709861853 0.009345082456756682
v -0.01316507626098648 0.009910700158700714 -0.1086039324115715
v -0.05047459043517573 -0.07748428006989827 -0.05895231060602593
v 0.07729389373563425 0.05889505376893883 -0.05325843372936531
v 0.05803647936925657 0.06637080058989106 -0.0667606373504112
v 0.03786531144141511 -0.021600509895805566 -0.10089897596348157
v -0.10731152798263147 -0.027881786311129877 -0.00015111815701744635
v 0.04205692924817525 -0.0051734898922716 -0.10195817358133345
v -0.06180841129345191 -0.012543990691806867 -0.09000702598905262
v 0.025534320823436457 0.10609142211153022 0.01798542353741142
v -0.07960147623755004 -0.03726077271588055 -0.06639981491454358
v -0.011331719781544694 0.09459404754951883 -0.05605403750449692
v -0.013615949667868096 0.05675213724120662 -0.09236880887078922
v 0.022338434556153725 0.09792782411422923 -0.04707329070223262
v -0.08672292335336383 0.0437403237641088 0.049668294027450946
v 0.03799932819330851 0.0944937625313172 -0.044184736457405005
v 0.08942327714376697 -0.018048317392032213 -0.06314134068860278
v -0.10760801732980455 0.008271434884510737 0.024291049637906178
v -0.0771611117623552 0.06378124260272242 0.04479606050176917
v -0.08766110821554494 0.0562172962142847 0.03498252984440321
v -0.008853662705984436 0.04886498680570839 -0.09894841539702522
v 0.04579889557146222 0.08129331839863102 -0.06015033844728984
v -0.09068625891723116 0.02879286589780719 -0.0544301568204109
v -0.021108391197600426 -0.08443390426393148 -0.06708659087550697
v 0.057625584195451635 0.06388298836030665 -0.07043869637458586
v 0.03235903450501308 -0.058610496372013425 -0.08832285918546595
v -0.05027555969935061 0.06265014888927567 -0.07413304969324419
v -0.0382467618744776 0.10331759458489781 0.0018569046143725402
v -0.0013987129970574191 -0.09877182093208628 -0.05086594225977255
v -0.10093536827877415 -0.03749869096784452 0.019918677802476883
v 0.04601422991400231 -0.045542305109115354 -0.08997136488692102
v -0.10689869106949307 0.010413622258296201 -0.026189901241591443
v -0.008410344730839583 0.030850980083164448 -0.10539205102542966
v 0.003778532258142467 0.10916160963383195 -0.017921282962492218
v 0.055270413389571144 -0.02486112329759811 -0.09239803314375677
v 0.06323092857990895 -0.014095427915589959 -0.08954902328894479
v 0.01601646888686506 0.10863350082842174 -0.014738220136244259
v -0.09890225753588226 0.003888915134360099 0.04848559119476464
v -0.060664583850989766 -0.06600737503987915 -0.06337983081684156
v -0.023206149903706022 0.0776145618868617 -0.07516199628117788
v -0.07031009475226023 -0.012599968389628152 -0.08221449178087802
v -0.02686677548386611 0.10063036762375827 -0.036477791979848545
v 0.041746711978042444 0.10294931865155069 0.004033820995186666
v 0.018115910621234896 0.005687216884902632 -0.10850428081546684
v -0.08628349293210238 0.05132095622749881 -0.04412751260475359
v -0.09250096407783877 -0.0357149643083081 -0.04824048901493169
v -0.0369396508814416 -0.08738222295194932 -0.05595832115462286
v -0.06564850939498884 0.00482827880301627 -0.08741658875650582
v -0.10683751139851136 -0.0038040333512855545 -0.02570933167816891
v -0.09033950375540657 -0.06271215506266903 0.00879749323242086
v -0.014632957845329753 -0.0936497757609831 -0.057120346836035465
v 0.07335836861339062 0.02736779242677506 -0.07850726020873242
v -0.07936478584135279 0.02787849523679846 -0.0708092517728752
v 0.07768853222160085 0.07192655938073328 -0.02797623937701659
v 0.08164303158937261 0.06906094298956997 -0.031239409923634956
v -0.10695342941229695 0.02658760987876256 -0.0046044348015397835
v -0.045705859104897335 0.09875711231349746 0.01684388125145224
v -0.0618752854974507 -0.08853578069784394 -0.020680478946444845
v 0.022571569723819532 -0.050467790549213326 -0.09609407902122305
v 0.07560083604435816 0.07726214595616818 -0.02147011003467752
v -0.09059002794291522 0.03727171232567163 0.049830185133910465
v 0.024944671010407787 -0.08433820745538498 -0.0677587848530587
v -0.1047906012608971 -0.03313242744121217 0.014693958594339966
v -0.04284820902565629 -0.08286928369061439 -0.057967389582975676
v -0.08854058631613368 0.06591704047466518 -0.0019213497006982765
v -0.06121669171015932 0.0544356460555874 -0.07294854558737181
v -0.008583566660150546 0.10900874885182021 0.01170786030292829
v -0.09594954976027156 -0.03430079145506204 -0.04084660615166888
v -0.07322582745471393 0.0825042101414262 -0.0041268031373685315
v -0.05840902847663282 0.0707217984722501 0.0591473659779989
v 0.09027061989988591 0.014406808323434384 -0.06267712579102895
v 0.01929156619092917 0.10896253530750036 -0.002659044307359507
v -0.07985441883528854 -0.05154915347757942 -0.053970703328621125
v 0.068724961384937 -0.04264977716046948 -0.0754141051255638
v -0.059983639580682896 0.09156489484245414 -0.012695538817411988
v 0.026775225749070833 0.10123411610193708 -0.03659273800978746
v -0.04527413058384897 0.09814900500405802 -0.02050730312678479
v -0.018279972934758526 0.08781426667944528 -0.06453943029384958
v 0.00014874033712132528 0.10254782579766006 0.041055649394257585
v -0.057015979817873715 -0.0808599271345239 -0.04799816663654753
v -0.02526090842425177 -0.08687002672014572 -0.0633383367643015
v 0.05070655086388062 0.08478189631420469 -0.05114899727426357
v -0.03455568173859692 0.10279402157445638 -0.020180567508613842
v -0.012444972153253159 -0.09126330573056823 -0.061879727222891145
v 0.058389574795957744 0.06981881155766198 -0.06441182819407391
v -0.09782261104396628 -0.04690573446242874 0.020917402800156238
v 0.010986078754450582 0.1071768008958349 0.02436232977201901
v -0.06541182352873312 0.05317760794886171 -0.07106376898514757
v -0.046556191867643676 0.060586167924630646 -0.07895188366224414
v -0.058134471761494846 0.06057161529626909 -0.07110956356670435
v -0.09320781358359084 0.04793670072251803 -0.03173910093210174
v -0.06707465547990968 -0.015710062532326777 -0.08620594598496759
v -0.08379062281699165 0.0705213806486969 -0.00017600519467686655
v -0.10178881689390526 -0.03981283074426273 0.01653376542207674
v 0.06206941367168234 0.0880701698659287 -0.027399513673606646
v -0.06960082020145247 0.08552828376592184 0.00644155959011249
v 0.017109674713244746 -0.0064458350526098995 -0.10866623042948903
v -0.05812757804569853 -0.01901340947317818 -0.09180819747124754
v -0.020306895876032724 -0.03931202109410646 -0.10111935982119019
v 0.07485514872761273 0.07848497803092924 -0.02403788462494586
v -0.10976711066722 -0.014138480409367472 0.004067418636739026
v 0.04642423553957781 0.09938978946437993 0.016376719664283963
v -0.07447633740427681 -0.024353676981547376 -0.07728095486327706
v 0.060596120960428684 0.014906246110196225 -0.09132630252506613
v -0.04394839418211993 -0.09762275829254087 -0.025761545862277635
v 0.0322589267523791 0.064722710876434 -0.08414005102838312
v -0.04262231782849687 -0.018949829653203798 -0.10036312897009259
v -0.06322927975350084 -0.03007093650828945 -0.08481271708856333
v 0.0008850316352929238 0.10496532919479554 -0.0357577583421795
v 0.08244217019263839 -0.004580306669588093 -0.07384068305472528
v -0.031135257653977774 -0.017132447785103477 -0.10339769208593981
v 0.06681674386840916 0.02200880349745947 -0.08537006682127132
v -0.046161620313043356 0.0997923614422683 -0.005746323608751959
v -0.05075937636734829 0.06723630958017049 -0.0716645647363263
v -0.09230209779148388 0.009367459022956603 -0.05817871626623021
v 0.048100969375303504 -0.05448753751214923 -0.08382214577905445
v -0.09744721378149157 -0.0022367828947817275 -0.05064149771264345
v -0.08876906743247308 -0.009480083268065077 -0.06345811811956473
v 0.06506602644639792 0.002714977382032982 -0.08926602270322281
v -0.02630722329822386 -0.016881258676084074 -0.10583887264644415
v -0.019205392516677647 0.1065201699412788 -0.021232475591260024
v 0.06904388584097179 -0.028425487858634926 -0.08168251394347818
v -0.01734061404358324 -0.00587568716661329 -0.10853356413540872
v -0.05712651748094049 0.0022016440538863147 -0.09348853959335492
v 0.06487199734337787 0.05075704301609209 -0.0742435213062072
v 0.08430332372415736 0.057037261901955516 -0.04427366365395696
v 0.025748951695000244 0.08119807894673672 -0.07097406085464901
v -0.09642911055585879 0.022308143352908677 -0.04746561841241759
v -0.08544087809229614 0.06496438697353532 0.02395610190233916
v 0.03981043009525573 -0.033962184402120635 -0.09730971231424891
v -0.025981250567214245 -0.06013961998423193 -0.08842507243916742
v -0.07294375835036492 -0.08152814077613844 -0.011647225064406018
v -0.003927782413122777 0.00917991759711878 -0.11006063269523943
v 0.028931225184043147 0.07763533163941247 -0.07387927193488329
v -0.011631650742233268 -0.05119217314900348 -0.09738890385538049
v -0.0950526400976939 0.0379197134397946 -0.03878623339488213
v 0.03663934294159514 0.10358961094870028 -0.01627125294688727
v 0.047006599034011 0.09604490628732698 -0.031028164825424885
v -0.09155748486969711 -0.019519340732938137 -0.057218726843070805
v 0.024111040908202958 0.008088905096188218 -0.10700940483567856
v -0.05139266880340455 -0.06656840126210374 -0.07058172709039505
v -0.06524432665938039 0.08738337613389746 0.01662904344646155
v 0.06092026932787192 -0.06438647711995117 -0.06704565624871388
v -0.10999164701472879 0.006730664585481341 -0.009540164415549323
v -0.10472548112927836 -0.03576231109489522 0.004525362321060305
v 0.004464454030082873 -0.035485287682597594 -0.10414087288330026
v 0.0037337967365620034 0.01655296576906723 -0.1089033056356461
v 0.028592134688857768 -0.0371678861036958 -0.10015841673183111
v 0.03539705532360447 -0.042143338419709374 -0.09488152071043354
v 0.011883165248995978 0.11021644030741251 -0.005098407580147848
v -0.08350637947072502 0.04885266443901204 0.05115984786548694
v 0.05262311767274791 0.09015698489094742 -0.038399197496800645
v 0.07543226584677742 -0.05253107777520418 -0.06228226371471525
v 0.02851708011071656 0.02924543697244511 -0.10276603745277298
v -0.1036058254274772 0.019128346017063924 0.03222877252413736
v -0.04915660235809272 0.077605881110871 -0.06105221840748025
v 0.08244555775590329 0.020313806876565366 -0.07126256699712963
v -0.047727704804278556 0.005804438380836385 -0.09865379401050273
v -0.014755524406990503 0.08047079773196031 -0.07451087574734382
v -0.03850407841911349 0.021354553770323206 -0.10039284955279786
v -0.07835058170314499 0.0713830858034547 -0.029274928558213138
v -0.06271463306498597 0.06943173994983712 0.056469826681497845
v 0.017661402596529277 -0.021447700663195596 -0.10643639099831834
v -0.06622153657258474 0.0769792734450031 -0.042146886144559595
v -0.0322838906465359 0.10378802090310962 0.017336734040385472
v -0.02638405881604259 0.015035693772303238 -0.1052770644331385
v 0.06661082333942955 0.08794603197955109 -0.005501612913044712
v -0.09724254444062777 0.04338629904590818 0.02494669164649269
v -0.05544040881285427 0.08155296619797925 0.04667742203822496
v -0.10127902948124247 -0.039740132330972476 -0.019566393400441338
v -0.08658249716976732 0.06523989597952737 -0.017537034834772113
v -0.05212915004637642 0.07076812495463242 -0.06538560989784473
v -0.10384371393964106 0.017702796553137015 -0.032752737854397945
v -0.011872114662119279 -0.059711039293806244 -0.09204495413295755
v 0.05117669777701392 -0.05227723233475646 -0.08248714326206848
v -0.003583352527235878 -0.05688577328897622 -0.09456877253745154
v -0.058498706433555134 0.08929668983505631 -0.02826324570488612
v 0.019093892844424407 0.04152086595573651 -0.10076898541085227
v 0.06956039259728805 0.0860872575934695 -0.005239861415564502
v 0.0641858739081563 0.06043328101837103 -0.06775999256814778
v 0.0745466345002215 0.007438412594608451 -0.08144137887198821
v -0.0998935563842476 -0.03366964955665165 -0.035279909797791435
v -0.032596875428812636 0.09702920880788313 0.04011945993549755
v -0.028661764281272144 0.028277089382505408 -0.10194072731988749
v 0.00935322977661135 -0.04955509478901066 -0.09820642003764482
v -0.046980164979879904 0.09011590359351726 -0.03965954561584713
v 0.10147796291229708 0.024727381906892013 -0.039410790916253935
v -0.021249906828612414 0.10197152342543472 0.03586764160891953
v 0.010304893350476685 0.0324696350992254 -0.10504528109987951
v 0.020271407382329576 -0.04699052232861882 -0.09773355918442077
v -0.08884199781653186 -0.050934399495991274 -0.03977954997335837
v -0.03093239384344646 0.0629474496893151 -0.08499142768283126
v -0.0740171335050297 -0.06533713568707063 -0.048443505374676274
v 0.09751194289804146 0.0014187801293484431 -0.05386363028164404
v -0.039023564641101356 -0.0741991128670237 -0.07091313747977705
v 0.09641819602143092 0.007921629034609676 -0.0521403524853947
v -0.05438860112733302 0.07514112309272822 -0.05871985150151539
v 0.042887248530130095 0.07312166157473476 -0.0715393526670307
v 0.03049009686997424 0.10673146281017445 0.004351366672741747
v -0.08164385701973333 0.07390129651098293 0.0022636109647057763
v -0.03257364377828019 -0.06843799057776086 -0.07962692558882967
v 0.006647728856105525 0.05008425582718311 -0.09851027674895248
v -0.03491970239264485 0.08870272420660383 0.054427602563045505
v -0.013339518334108416 -0.07743925438515549 -0.07798681461289597
v -0.10424717353359353 0.026575820391726943 0.02487816467216455
v 0.09264035179579105 0.047751606330269314 -0.039033116077914556
v -0.02579935317120259 -0.09578884734606004 -0.048104428307023314
v -0.023379392103303184 0.05899268987440351 -0.08957822842599078
v -0.014358507890602293 0.05350198522288645 -0.09519621901354448
v -0.09834228805842889 -0.04541814121419172 0.024436779970449813
v -0.10149723786048837 -0.031022068334759734 0.029259301127334148
v -0.05315011215117141 0.09622795236053511 0.005386119445948575
v -0.009148252644819041 -0.094731894971918 -0.05556452394705032
v 0.053432138438864074 0.035292988260390346 -0.09054577387296667
v 0.027668486475074208 -0.06484456085810457 -0.08569098947498878
v 0.04106962793615457 0.0412900876928709 -0.09440092273659037
v -0.05269615792122262 -0.04097673849783322 -0.08759231815728676
v -0.03826510106348513 0.09734260609246889 0.034238555857305675
v -0.022851603669312756 0.10494497777951994 0.023089266809815847
v 0.007980313441763406 -0.0890680159876287 -0.06574543778422207
v -0.051398361594361425 0.08234260832001106 0.05096967888832152
v -0.09479196542980729 0.051334793138813464 -0.02056724641475699
v 0.051312718916957156 0.006730795140778262 -0.09753422498357851
v 0.055586985814138345 -0.008097646536850071 -0.09514011515085417
v -0.10291745767936679 -0.005657111892643153 -0.03882207246103846
v -0.10403365309521942 -0.0035436961301074585 0.036321812902991815
v -0.08960561565213154 0.025195707433714673 -0.05757364091819904
v -0.09626758015792691 -0.05128508974513104 -0.017304032026654464
v -0.024025635665705203 0.10719081923242299 -0.007360264696662418
v -0.10012561409761309 -0.013741691270862118 -0.04417367262549922
v -0.013781001052581149 0.04061861265048072 -0.10145660379246611
v -0.09332586667020079 -0.0523146113095948 -0.027017674769750137
v -0.09534569515440863 0.021680909003866794 0.04971890743175639
v 0.03566200486170945 -0.07674224031963911 -0.07190684301111312
v 0.00933239904963526 0.11010040676619925 0.005335630299415892
v 0.011136297425737476 -0.06555860788235435 -0.08862124570804267
v -0.008206866338119748 -0.022899912871430582 -0.1072038512243333
v -0.07509363490810943 -0.005900303638161658 -0.08027322068626859
v 0.010960516727713282 0.10860582344647315 0.01219070172713527
v 0.03100855035190661 0.10230985702499484 -0.029336806905697208
v -0.07388607155197546 -0.07633061012522183 -0.028212190450302852
v 0.0055533972775476115 0.1079469081570027 -0.02405281997861288
v -0.06497355746333319 -0.07622145742090825 -0.045763268626054496
v 0.02928409662653096 0.10668789176402049 0.0014920685610052588
v -0.07901245127428577 0.006036721522626715 -0.07607207146068784
v 0.09079488043477224 0.02784242999946114 -0.057528869524222176
v -0.09675584210048029 0.046123574899039094 0.025943398907375608
v 0.03635957706637864 0.1051743049609869 -0.000303609836198827
v -0.07360414476214518 0.038553854035301524 -0.07261271047684752
v -0.1045890328603196 0.030178012634142506 -0.0193926335591652
v -0.0647106798589219 0.06924739923789114 -0.05545491516131333
v -0.10315672900520141 0.03797274537232577 -0.01066491711541823
v 0.06065804223330462 0.084470090993891 -0.039284342556683144
v -0.06451621050115663 0.028604604692811342 -0.08414430421514704
v -0.07158321090689128 -0.007747651316983607 -0.08216581281150355
v -0.07470174498097704 0.07499836198851864 0.028757461587914524
v -0.06737836499717151 0.045490405445309884 -0.07450971603815983
v 0.048751943295710615 0.10020757711591524 0.0014034520225134541
v -0.1083780579513725 -0.008120502293599986 -0.022582644862461407
v 0.06701662162815819 0.06869009406579238 -0.055278116866003396
v -0.05686424404569483 0.09245428367299793 0.021133549956407097
v -0.026434597946238446 0.09896168513649659 -0.04210776266399756
v -0.07445063306344792 0.06208739739108782 -0.05168415802979637
v -0.06136948618633167 0.017163730018248377 -0.08916310905293147
v 0.002429720538502031 -0.08248503465324325 -0.07398938289355882
v -0.009831410597210974 0.10296930970724089 -0.04085811062311887
v 0.07608496932024839 0.04762283098697068 -0.06508371412058175
f 344/344 461/461 677/677
f 132/132 314/314 365/365
f 486/486 314/314 339/339
f 452/452 154/154 128/128
f 238/238 439/439 361/361
f 238/238 242/242 439/439
f 452/452 10/10 481/481
f 376/376 305/305 240/240
f 134/134 35/35 305/305
f 2/2 360/360 521/521
f 86/86 342/342 139/139
f 177/177 304/304 424/424
f 342/342 51/51 343/343
f 343/343 51/51 501/501
f 315/315 313/313 389/389
f 316/316 510/510 267/267
f 316/316 267/267 397/397
f 5/5 182/182 315/315
f 317/317 434/434 89/89
f 378/378 430/430 286/286
f 290/290 267/267 339/339
f 269/269 61/61 249/249
f 61/61 269/269 64/64
f 187/187 120/120 192/192
f 12/12 349/349 419/419
f 466/466 64/64 154/154
f 294/294 132/132 93/93
f 466/466 154/154 186/186
f 132/132 229/229 310/310
f 528/528 10/10 354/354
f 132/132 365/365 229/229
f 175/175 461/461 247/247
f 528/528 481/481 10/10
f 50/50 261/261 83/83
f 35/35 128/128 406/406
f 239/239 304/304 500/500
f 177/177 184/184 82/82
f 182/182 376/376 313/313
f 439/439 371/371 491/491
f 309/309 313/313 240/240
f 316/316 397/397 122/122
f 93/93 447/447 294/294
f 181/181 86/86 242/242
f 86/86 181/181 51/51
f 59/59 476/476 89/89
f 476/476 59/59 91/91
f 295/295 191/191 319/319
f 447/447 93/93 319/319
f 461/461 175/175 320/320
f 192/192 361/361 187/187
f 361/361 192/192 238/238
f 324/324 105/105 104/104
f 332/332 334/334 105/105
f 335/335 105/105 334/334
f 335/335 337/337 105/105
f 198/198 342/342 400/400
f 292/292 397/397 267/267
f 292/292 220/220 397/397
f 108/108 434/434 220/220
f 343/343 526/526 400/400
f 434/434 108/108 349/349
f 345/345 124/124 122/122
f 121/121 228/228 500/500
f 235/235 414/414 120/120
f 325/325 332/332 324/324
f 229/229 315/315 389/389
f 358/358 335/335 334/334
f 488/488 136/136 335/335
f 217/217 50/50 119/119
f 28/28 361/361 439/439
f 314/314 247/247 339/339
f 10/10 452/452 128/128
f 239/239 305/305 424/424
f 239/239 240/240 305/305
f 134/134 305/305 376/376
f 722/722 488/488 358/358
f 134/134 354/354 35/35
f 371/371 139/139 467/467
f 86/86 139/139 371/371
f 249/249 184/184 269/269
f 51/51 342/342 86/86
f 430/430 304/304 177/177
f 394/394 295/295 426/426
f 255/255 217/217 197/197
f 121/121 500/500 304/304
f 255/255 197/197 379/379
f 229/229 309/309 500/500
f 229/229 389/389 309/309
f 261/261 50/50 217/217
f 261/261 217/217 255/255
f 105/105 292/292 290/290
f 406/406 154/154 64/64
f 510/510 5/5 315/315
f 337/337 419/419 108/108
f 158/158 261/261 260/260
f 158/158 83/83 261/261
f 120/120 187/187 278/278
f 161/161 158/158 398/398
f 414/414 192/192 120/120
f 192/192 414/414 193/193
f 426/426 228/228 74/74
f 130/130 310/310 228/228
f 481/481 528/528 77/77
f 77/77 528/528 476/476
f 476/476 237/237 77/77
f 305/305 406/406 271/271
f 309/309 239/239 500/500
f 320/320 175/175 294/294
f 360/360 177/177 82/82
f 86/86 371/371 242/242
f 5/5 502/502 182/182
f 82/82 257/257 521/521
f 527/527 184/184 177/177
f 452/452 186/186 154/154
f 316/316 122/122 510/510
f 197/197 204/204 330/330
f 452/452 382/382 186/186
f 332/332 105/105 324/324
f 434/434 59/59 89/89
f 452/452 41/41 382/382
f 41/41 195/195 382/382
f 59/59 278/278 91/91
f 305/305 271/271 527/527
f 136/136 419/419 337/337
f 195/195 41/41 518/518
f 198/198 518/518 41/41
f 119/119 209/209 204/204
f 193/193 238/238 192/192
f 197/197 119/119 204/204
f 217/217 119/119 197/197
f 358/358 332/332 325/325
f 108/108 220/220 292/292
f 38/38 136/136 488/488
f 122/122 502/502 5/5
f 12/12 278/278 349/349
f 169/169 120/120 12/12
f 476/476 528/528 89/89
f 476/476 91/91 28/28
f 175/175 314/314 132/132
f 175/175 247/247 314/314
f 365/365 315/315 229/229
f 365/365 486/486 315/315
f 452/452 481/481 237/237
f 197/197 466/466 379/379
f 237/237 41/41 452/452
f 237/237 491/491 41/41
f 491/491 467/467 41/41
f 134/134 376/376 502/502
f 502/502 354/354 134/134
f 255/255 518/518 260/260
f 260/260 261/261 255/255
f 260/260 398/398 158/158
f 121/121 304/304 378/378
f 400/400 161/161 398/398
f 406/406 64/64 271/271
f 64/64 269/269 271/271
f 339/339 104/104 290/290
f 426/426 74/74 282/282
f 220/220 317/317 397/397
f 220/220 434/434 317/317
f 222/222 12/12 419/419
f 349/349 59/59 434/434
f 169/169 12/12 222/222
f 120/120 278/278 12/12
f 442/442 294/294 447/447
f 237/237 28/28 439/439
f 527/527 424/424 305/305
f 389/389 313/313 309/309
f 315/315 182/182 313/313
f 406/406 305/305 35/35
f 242/242 371/371 439/439
f 360/360 82/82 521/521
f 335/335 136/136 337/337
f 61/61 330/330 204/204
f 424/424 527/527 177/177
f 197/197 330/330 466/466
f 61/61 204/204 443/443
f 91/91 278/278 187/187
f 400/400 342/342 343/343
f 74/74 460/460 282/282
f 267/267 290/290 292/292
f 722/722 358/358 729/729
f 345/345 89/89 528/528
f 104/104 339/339 247/247
f 354/354 10/10 128/128
f 361/361 28/28 91/91
f 255/255 379/379 382/382
f 195/195 255/255 382/382
f 240/240 239/239 309/309
f 424/424 304/304 239/239
f 255/255 195/195 518/518
f 518/518 398/398 260/260
f 491/491 371/371 467/467
f 376/376 240/240 313/313
f 249/249 257/257 82/82
f 249/249 82/82 184/184
f 191/191 394/394 539/539
f 191/191 295/295 394/394
f 319/319 93/93 295/295
f 292/292 105/105 337/337
f 426/426 282/282 151/151
f 442/442 447/447 338/338
f 278/278 59/59 349/349
f 677/677 461/461 320/320
f 344/344 324/324 461/461
f 226/226 324/324 344/344
f 226/226 325/325 324/324
f 295/295 130/130 228/228
f 61/61 443/443 249/249
f 132/132 310/310 130/130
f 324/324 104/104 461/461
f 332/332 358/358 334/334
f 28/28 237/237 476/476
f 378/378 304/304 430/430
f 128/128 35/35 354/354
f 61/61 64/64 330/330
f 466/466 330/330 64/64
f 38/38 419/419 136/136
f 360/360 430/430 177/177
f 467/467 198/198 41/41
f 467/467 139/139 198/198
f 488/488 335/335 358/358
f 342/342 198/198 139/139
f 343/343 501/501 369/369
f 337/337 108/108 292/292
f 419/419 349/349 108/108
f 130/130 295/295 93/93
f 93/93 132/132 130/130
f 466/466 186/186 379/379
f 294/294 175/175 132/132
f 379/379 186/186 382/382
f 461/461 104/104 247/247
f 5/5 510/510 122/122
f 310/310 229/229 228/228
f 397/397 345/345 122/122
f 74/74 228/228 121/121
f 345/345 397/397 317/317
f 89/89 345/345 317/317
f 198/198 398/398 518/518
f 77/77 237/237 481/481
f 398/398 198/198 400/400
f 286/286 2/2 135/135
f 365/365 314/314 486/486
f 286/286 360/360 2/2
f 491/491 237/237 439/439
f 91/91 187/187 361/361
f 244/244 51/51 181/181
f 51/51 244/244 501/501
f 502/502 376/376 182/182
f 527/527 269/269 184/184
f 551/551 338/338 447/447
f 360/360 286/286 430/430
f 105/105 290/290 104/104
f 527/527 271/271 269/269
f 154/154 406/406 128/128
f 510/510 486/486 339/339
f 510/510 339/339 267/267
f 229/229 500/500 228/228
f 510/510 315/315 486/486
f 2/2 521/521 363/363
f 295/295 228/228 426/426
f 122/122 354/354 502/502
f 354/354 122/122 124/124
f 124/124 528/528 354/354
f 345/345 528/528 124/124
f 913/913 901/901 665/665
f 932/932 583/583 926/926
f 770/770 734/734 653/653
f 609/609 990/990 650/650
f 974/974 457/457 972/972
f 47/47 849/849 969/969
f 551/551 447/447 474/474
f 677/677 442/442 123/123
f 630/630 867/867 776/776
f 867/867 630/630 754/754
f 804/804 171/171 659/659
f 171/171 804/804 679/679
f 859/859 958/958 846/846
f 472/472 123/123 338/338
f 738/738 580/580 794/794
f 777/777 171/171 799/799
f 644/644 21/21 876/876
f 963/963 922/922 553/553
f 583/583 755/755 795/795
f 682/682 660/660 742/742
f 963/963 959/959 901/901
f 605/605 692/692 599/599
f 777/777 696/696 659/659
f 763/763 990/990 875/875
f 659/659 696/696 660/660
f 609/609 832/832 55/55
f 20/20 474/474 539/539
f 972/972 863/863 601/601
f 686/686 781/781 21/21
f 855/855 593/593 740/740
f 729/729 325/325 836/836
f 358/358 325/325 729/729
f 673/673 953/953 730/730
f 587/587 763/763 595/595
f 191/191 539/539 319/319
f 442/442 320/320 294/294
f 338/338 551/551 472/472
f 474/474 781/781 551/551
f 580/580 825/825 761/761
f 761/761 794/794 580/580
f 734/734 770/770 872/872
f 836/836 325/325 226/226
f 953/953 578/578 822/822
f 972/972 553/553 924/924
f 849/849 961/961 848/848
f 123/123 442/442 338/338
f 319/319 474/474 447/447
f 474/474 319/319 539/539
f 677/677 320/320 442/442
f 963/963 731/731 959/959
f 904/904 859/859 625/625
f 948/948 704/704 656/656
f 804/804 924/924 679/679
f 901/901 644/644 404/404
f 682/682 770/770 540/540
f 959/959 644/644 901/901
f 25/25 811/811 272/272
f 972/972 924/924 974/974
f 779/779 740/740 986/986
f 963/963 553/553 601/601
f 544/544 258/258 976/976
f 848/848 956/956 625/625
f 839/839 823/823 829/829
f 839/839 829/829 554/554
f 588/588 859/859 904/904
f 588/588 712/712 859/859
f 24/24 712/712 588/588
f 588/588 727/727 24/24
f 123/123 863/863 677/677
f 24/24 727/727 867/867
f 21/21 20/20 817/817
f 817/817 941/941 761/761
f 941/941 942/942 761/761
f 730/730 822/822 867/867
f 546/546 561/561 258/258
f 258/258 544/544 546/546
f 561/561 546/546 784/784
f 656/656 704/704 872/872
f 851/851 302/302 842/842
f 932/932 704/704 862/862
f 258/258 779/779 986/986
f 668/668 742/742 834/834
f 704/704 926/926 872/872
f 704/704 932/932 926/926
f 21/21 825/825 876/876
f 849/849 870/870 961/961
f 742/742 696/696 834/834
f 734/734 795/795 811/811
f 595/595 588/588 587/587
f 740/740 779/779 855/855
f 625/625 587/587 904/904
f 731/731 706/706 686/686
f 258/258 969/969 976/976
f 601/601 706/706 731/731
f 981/981 594/594 595/595
f 986/986 969/969 258/258
f 472/472 706/706 863/863
f 599/599 593/593 889/889
f 727/727 594/594 730/730
f 922/922 924/924 553/553
f 789/789 972/972 457/457
f 707/707 580/580 738/738
f 404/404 876/876 580/580
f 777/777 870/870 696/696
f 938/938 722/722 729/729
f 291/291 544/544 976/976
f 742/742 660/660 696/696
f 668/668 682/682 742/742
f 625/625 632/632 587/587
f 625/625 956/956 632/632
f 958/958 859/859 712/712
f 948/948 554/554 634/634
f 553/553 972/972 601/601
f 763/763 875/875 629/629
f 849/849 291/291 969/969
f 641/641 830/830 302/302
f 772/772 47/47 969/969
f 47/47 772/772 834/834
f 834/834 772/772 823/823
f 872/872 926/926 734/734
f 778/778 938/938 628/628
f 777/777 669/669 961/961
f 20/20 539/539 817/817
f 817/817 539/539 941/941
f 171/171 777/777 659/659
f 660/660 804/804 659/659
f 784/784 546/546 980/980
f 980/980 546/546 548/548
f 548/548 565/565 980/980
f 669/669 665/665 650/650
f 668/668 656/656 682/682
f 956/956 19/19 632/632
f 669/669 650/650 19/19
f 668/668 948/948 656/656
f 540/540 653/653 804/804
f 669/669 913/913 665/665
f 804/804 653/653 924/924
f 258/258 561/561 779/779
f 922/922 913/913 679/679
f 543/543 704/704 948/948
f 781/781 474/474 20/20
f 863/863 123/123 472/472
f 660/660 540/540 804/804
f 789/789 677/677 863/863
f 344/344 677/677 789/789
f 546/546 544/544 958/958
f 958/958 548/548 546/546
f 825/825 817/817 761/761
f 838/838 554/554 829/829
f 554/554 838/838 634/634
f 634/634 838/838 302/302
f 302/302 838/838 842/842
f 958/958 544/544 846/846
f 21/21 781/781 20/20
f 682/682 656/656 872/872
f 47/47 834/834 696/696
f 825/825 580/580 876/876
f 543/543 862/862 704/704
f 668/668 834/834 839/839
f 665/665 404/404 707/707
f 630/630 548/548 754/754
f 795/795 926/926 583/583
f 889/889 593/593 855/855
f 599/599 889/889 605/605
f 544/544 291/291 846/846
f 665/665 901/901 404/404
f 904/904 587/587 588/588
f 594/594 588/588 595/595
f 727/727 588/588 594/594
f 653/653 540/540 770/770
f 628/628 729/729 836/836
f 938/938 729/729 628/628
f 913/913 963/963 901/901
f 707/707 404/404 580/580
f 404/404 644/644 876/876
f 754/754 958/958 712/712
f 731/731 963/963 601/601
f 180/180 674/674 995/995
f 668/668 839/839 948/948
f 948/948 839/839 554/554
f 628/628 411/411 272/272
f 180/180 995/995 985/985
f 763/763 780/780 990/990
f 291/291 976/976 969/969
f 702/702 25/25 974/974
f 772/772 969/969 986/986
f 986/986 740/740 772/772
f 823/823 772/772 740/740
f 302/302 830/830 634/634
f 851/851 641/641 302/302
f 832/832 609/609 738/738
f 609/609 707/707 738/738
f 985/985 784/784 980/980
f 784/784 985/985 561/561
f 990/990 55/55 875/875
f 577/577 836/836 226/226
f 780/780 650/650 990/990
f 780/780 19/19 650/650
f 995/995 561/561 985/985
f 561/561 995/995 779/779
f 956/956 961/961 19/19
f 855/855 779/779 995/995
f 25/25 702/702 811/811
f 669/669 799/799 913/913
f 794/794 761/761 942/942
f 653/653 702/702 974/974
f 811/811 702/702 653/653
f 974/974 25/25 457/457
f 540/540 660/660 682/682
f 740/740 829/829 823/823
f 682/682 872/872 770/770
f 593/593 829/829 740/740
f 829/829 593/593 838/838
f 842/842 838/838 593/593
f 686/686 706/706 781/781
f 599/599 842/842 593/593
f 599/599 692/692 842/842
f 734/734 926/926 795/795
f 842/842 692/692 667/667
f 25/25 836/836 577/577
f 851/851 842/842 667/667
f 822/822 776/776 867/867
f 854/854 851/851 667/667
f 889/889 855/855 995/995
f 995/995 674/674 889/889
f 859/859 846/846 625/625
f 625/625 846/846 848/848
f 653/653 734/734 811/811
f 650/650 665/665 707/707
f 650/650 707/707 609/609
f 959/959 731/731 686/686
f 47/47 696/696 870/870
f 849/849 47/47 870/870
f 411/411 836/836 25/25
f 776/776 822/822 578/578
f 644/644 686/686 21/21
f 990/990 609/609 55/55
f 7/7 583/583 932/932
f 836/836 411/411 628/628
f 959/959 686/686 644/644
f 963/963 913/913 922/922
f 727/727 730/730 867/867
f 922/922 679/679 924/924
f 822/822 730/730 953/953
f 754/754 548/548 958/958
f 956/956 848/848 961/961
f 272/272 411/411 25/25
f 778/778 628/628 272/272
f 812/812 938/938 778/778
f 551/551 781/781 706/706
f 578/578 953/953 902/902
f 706/706 472/472 551/551
f 867/867 754/754 24/24
f 344/344 789/789 577/577
f 344/344 577/577 226/226
f 632/632 780/780 587/587
f 21/21 817/817 825/825
f 862/862 7/7 932/932
f 763/763 629/629 595/595
f 19/19 780/780 632/632
f 763/763 587/587 780/780
f 24/24 754/754 712/712
f 55/55 832/832 103/103
f 595/595 629/629 981/981
f 961/961 669/669 19/19
f 870/870 777/777 961/961
f 601/601 863/863 706/706
f 272/272 811/811 795/795
f 795/795 778/778 272/272
f 679/679 913/913 799/799
f 634/634 543/543 948/948
f 799/799 171/171 679/679
f 778/778 795/795 812/812
f 755/755 812/812 795/795
f 777/777 799/799 669/669
f 863/863 972/972 789/789
f 25/25 577/577 789/789
f 25/25 789/789 457/457
f 653/653 974/974 924/924
f 605/605 667/667 692/692
f 834/834 823/823 839/839
f 848/848 291/291 849/849
f 846/846 291/291 848/848
f 494/494 340/340 377/377
f 367/367 377/377 137/137
f 373/373 78/78 211/211
f 65/65 149/149 395/395
f 341/341 396/396 262/262
f 469/469 37/37 216/216
f 53/53 106/106 514/514
f 256/256 52/52 465/465
f 514/514 106/106 203/203
f 409/409 58/58 287/287
f 188/188 507/507 256/256
f 507/507 188/188 149/149
f 409/409 62/62 445/445
f 153/153 478/478 386/386
f 150/150 471/471 386/386
f 65/65 352/352 399/399
f 133/133 401/401 478/478
f 39/39 218/218 375/375
f 218/218 68/68 375/375
f 65/65 395/395 352/352
f 732/732 80/80 366/366
f 68/68 392/392 496/496
f 392/392 72/72 496/496
f 11/11 355/355 449/449
f 11/11 473/473 355/355
f 248/248 85/85 511/511
f 455/455 498/498 431/431
f 312/312 340/340 503/503
f 534/534 276/276 423/423
f 636/636 262/262 276/276
f 190/190 266/266 524/524
f 326/326 497/497 37/37
f 473/473 517/517 390/390
f 179/179 422/422 416/416
f 501/501 244/244 448/448
f 54/54 234/234 479/479
f 203/203 504/504 341/341
f 6/6 504/504 203/203
f 44/44 49/49 148/148
f 392/392 352/352 395/395
f 381/381 201/201 224/224
f 508/508 507/507 348/348
f 114/114 150/150 478/478
f 218/218 399/399 352/352
f 218/218 352/352 392/392
f 381/381 224/224 386/386
f 445/445 58/58 409/409
f 234/234 351/351 65/65
f 312/312 253/253 377/377
f 369/369 39/39 526/526
f 403/403 44/44 211/211
f 44/44 403/403 45/45
f 497/497 253/253 142/142
f 366/366 367/367 511/511
f 407/407 203/203 341/341
f 469/469 216/216 53/53
f 248/248 326/326 266/266
f 248/248 511/511 137/137
f 504/504 6/6 54/54
f 383/383 465/465 52/52
f 471/471 369/369 501/501
f 211/211 148/148 11/11
f 179/179 514/514 155/155
f 52/52 256/256 507/507
f 216/216 497/497 438/438
f 216/216 438/438 219/219
f 62/62 409/409 464/464
f 45/45 276/276 262/262
f 133/133 478/478 153/153
f 369/369 114/114 39/39
f 287/287 80/80 410/410
f 153/153 386/386 390/390
f 407/407 17/17 179/179
f 627/627 266/266 190/190
f 524/524 168/168 646/646
f 937/937 416/416 918/918
f 918/918 416/416 422/422
f 377/377 340/340 312/312
f 445/445 494/494 367/367
f 497/497 348/348 438/438
f 377/377 253/253 137/137
f 106/106 6/6 203/203
f 188/188 405/405 395/395
f 94/94 133/133 517/517
f 94/94 480/480 133/133
f 341/341 94/94 396/396
f 148/148 473/473 11/11
f 438/438 328/328 219/219
f 106/106 53/53 219/219
f 216/216 219/219 53/53
f 206/206 256/256 465/465
f 478/478 347/347 218/218
f 114/114 471/471 150/150
f 347/347 399/399 218/218
f 312/312 503/503 508/508
f 266/266 326/326 37/37
f 348/348 507/507 351/351
f 224/224 473/473 390/390
f 211/211 11/11 29/29
f 62/62 455/455 431/431
f 431/431 494/494 62/62
f 407/407 341/341 262/262
f 248/248 266/266 627/627
f 234/234 401/401 479/479
f 133/133 480/480 401/401
f 201/201 381/381 448/448
f 569/569 857/857 735/735
f 328/328 351/351 234/234
f 276/276 45/45 403/403
f 723/723 735/735 857/857
f 168/168 524/524 469/469
f 416/416 514/514 179/179
f 168/168 514/514 416/416
f 534/534 636/636 276/276
f 17/17 407/407 636/636
f 395/395 72/72 392/392
f 234/234 65/65 399/399
f 646/646 416/416 937/937
f 114/114 369/369 471/471
f 29/29 11/11 449/449
f 248/248 253/253 326/326
f 45/45 49/49 44/44
f 45/45 396/396 49/49
f 517/517 473/473 49/49
f 396/396 517/517 49/49
f 188/188 395/395 149/149
f 396/396 94/94 517/517
f 504/504 479/479 480/480
f 465/465 101/101 206/206
f 328/328 54/54 219/219
f 405/405 188/188 256/256
f 367/367 366/366 58/58
f 449/449 201/201 245/245
f 449/449 355/355 201/201
f 355/355 224/224 201/201
f 343/343 369/369 526/526
f 142/142 508/508 348/348
f 695/695 826/826 831/831
f 348/348 351/351 438/438
f 473/473 224/224 355/355
f 29/29 373/373 211/211
f 494/494 445/445 62/62
f 423/423 276/276 403/403
f 479/479 401/401 480/480
f 524/524 266/266 469/469
f 501/501 381/381 471/471
f 503/503 465/465 383/383
f 498/498 465/465 503/503
f 383/383 52/52 507/507
f 395/395 405/405 72/72
f 219/219 54/54 106/106
f 6/6 106/106 54/54
f 392/392 68/68 218/218
f 517/517 153/153 390/390
f 399/399 401/401 234/234
f 218/218 39/39 114/114
f 367/367 58/58 445/445
f 367/367 494/494 377/377
f 137/137 253/253 248/248
f 494/494 431/431 340/340
f 312/312 142/142 253/253
f 262/262 396/396 45/45
f 497/497 142/142 348/348
f 504/504 54/54 479/479
f 504/504 480/480 94/94
f 49/49 473/473 148/148
f 511/511 367/367 137/137
f 155/155 203/203 407/407
f 514/514 203/203 155/155
f 58/58 80/80 287/287
f 80/80 58/58 366/366
f 732/732 366/366 511/511
f 478/478 150/150 386/386
f 910/910 511/511 85/85
f 386/386 471/471 381/381
f 248/248 627/627 85/85
f 168/168 469/469 53/53
f 478/478 399/399 347/347
f 168/168 53/53 514/514
f 626/626 85/85 627/627
f 266/266 37/37 469/469
f 72/72 492/492 496/496
f 401/401 399/399 478/478
f 431/431 498/498 503/503
f 431/431 503/503 340/340
f 262/262 636/636 407/407
f 179/179 155/155 407/407
f 142/142 312/312 508/508
f 422/422 179/179 17/17
f 646/646 168/168 416/416
f 646/646 672/672 524/524
f 438/438 351/351 328/328
f 497/497 326/326 253/253
f 341/341 504/504 94/94
f 44/44 148/148 211/211
f 501/501 448/448 381/381
f 234/234 54/54 328/328
f 196/196 843/843 556/556
f 65/65 351/351 149/149
f 37/37 497/497 216/216
f 383/383 508/508 503/503
f 508/508 383/383 507/507
f 351/351 507/507 149/149
f 390/390 386/386 224/224
f 153/153 517/517 133/133
f 218/218 114/114 478/478
f 898/898 626/626 791/791
f 681/681 925/925 748/748
f 802/802 547/547 927/927
f 843/843 196/196 912/912
f 705/705 681/681 841/841
f 937/937 723/723 857/857
f 695/695 555/555 569/569
f 984/984 826/826 695/695
f 582/582 977/977 888/888
f 666/666 831/831 826/826
f 705/705 841/841 912/912
f 831/831 785/785 555/555
f 831/831 791/791 785/785
f 627/627 190/190 670/670
f 910/910 85/85 626/626
f 556/556 888/888 196/196
f 556/556 783/783 888/888
f 748/748 925/925 534/534
f 422/422 17/17 927/927
f 534/534 925/925 636/636
f 670/670 190/190 524/524
f 693/693 664/664 666/666
f 857/857 672/672 937/937
f 786/786 672/672 857/857
f 666/666 826/826 693/693
f 695/695 831/831 555/555
f 977/977 723/723 421/421
f 998/998 735/735 723/723
f 582/582 723/723 977/977
f 912/912 196/196 705/705
f 196/196 888/888 705/705
f 910/910 732/732 511/511
f 670/670 626/626 627/627
f 636/636 925/925 927/927
f 422/422 927/927 547/547
f 636/636 927/927 17/17
f 918/918 422/422 547/547
f 670/670 524/524 672/672
f 421/421 937/937 918/918
f 785/785 791/791 670/670
f 672/672 786/786 670/670
f 911/911 991/991 735/735
f 898/898 831/831 666/666
f 831/831 898/898 791/791
f 672/672 646/646 937/937
f 998/998 911/911 735/735
f 791/791 626/626 670/670
f 802/802 927/927 925/925
f 705/705 802/802 925/925
f 925/925 681/681 705/705
f 547/547 802/802 977/977
f 918/918 547/547 977/977
f 998/998 723/723 582/582
f 991/991 569/569 735/735
f 552/552 695/695 569/569
f 783/783 582/582 888/888
f 918/918 977/977 421/421
f 670/670 786/786 785/785
f 555/555 785/785 786/786
f 898/898 910/910 626/626
f 723/723 937/937 421/421
f 569/569 786/786 857/857
f 569/569 555/555 786/786
f 888/888 977/977 802/802
f 888/888 802/802 705/705
f 576/576 615/615 535/535
f 537/537 878/878 592/592
f 578/578 994/994 776/776
f 615/615 840/840 560/560
f 997/997 698/698 615/615
f 537/537 933/933 920/920
f 537/537 752/752 933/933
f 698/698 655/655 715/715
f 654/654 756/756 856/856
f 764/764 537/537 592/592
f 592/592 733/733 764/764
f 945/945 654/654 680/680
f 756/756 736/736 856/856
f 18/18 638/638 890/890
f 733/733 592/592 635/635
f 590/590 747/747 813/813
f 733/733 635/635 667/667
f 733/733 667/667 897/897
f 689/689 909/909 600/600
f 600/600 602/602 147/147
f 147/147 602/602 23/23
f 993/993 597/597 655/655
f 597/597 773/773 655/655
f 689/689 885/885 909/909
f 621/621 654/654 945/945
f 372/372 621/621 697/697
f 771/771 581/581 676/676
f 869/869 693/693 826/826
f 887/887 676/676 581/581
f 717/717 576/576 678/678
f 915/915 891/891 174/174
f 572/572 775/775 571/571
f 891/891 180/180 174/174
f 947/947 945/945 720/720
f 929/929 756/756 372/372
f 700/700 582/582 783/783
f 819/819 994/994 982/982
f 674/674 180/180 891/891
f 929/929 372/372 837/837
f 678/678 535/535 538/538
f 671/671 895/895 536/536
f 745/745 747/747 590/590
f 538/538 619/619 622/622
f 820/820 163/163 200/200
f 865/865 147/147 23/23
f 865/865 23/23 622/622
f 558/558 174/174 163/163
f 147/147 865/865 837/837
f 675/675 428/428 676/676
f 558/558 163/163 820/820
f 573/573 871/871 714/714
f 816/816 552/552 991/991
f 565/565 548/548 563/563
f 676/676 606/606 809/809
f 929/929 858/858 385/385
f 865/865 858/858 929/929
f 885/885 689/689 947/947
f 813/813 552/552 816/816
f 576/576 890/890 809/809
f 973/973 698/698 715/715
f 840/840 698/698 973/973
f 700/700 783/783 556/556
f 697/697 837/837 372/372
f 590/590 385/385 858/858
f 565/565 563/563 994/994
f 819/819 565/565 994/994
f 560/560 590/590 619/619
f 567/567 968/968 854/854
f 821/821 819/819 982/982
f 813/813 883/883 984/984
f 180/180 210/210 174/174
f 821/821 982/982 928/928
f 837/837 865/865 929/929
f 864/864 571/571 567/567
f 714/714 720/720 350/350
f 174/174 210/210 163/163
f 845/845 903/903 887/887
f 572/572 878/878 585/585
f 576/576 717/717 890/890
f 845/845 887/887 581/581
f 23/23 602/602 14/14
f 578/578 902/902 892/892
f 920/920 885/885 726/726
f 883/883 813/813 869/869
f 585/585 878/878 726/726
f 590/590 560/560 745/745
f 210/210 200/200 163/163
f 642/642 27/27 892/892
f 909/909 885/885 920/920
f 933/933 600/600 909/909
f 807/807 747/747 745/745
f 993/993 428/428 597/597
f 897/897 667/667 605/605
f 997/997 606/606 993/993
f 606/606 997/997 743/743
f 945/945 645/645 720/720
f 576/576 743/743 615/615
f 809/809 743/743 576/576
f 890/890 638/638 771/771
f 809/809 606/606 743/743
f 638/638 648/648 744/744
f 700/700 998/998 582/582
f 638/638 18/18 648/648
f 945/945 680/680 645/645
f 648/648 933/933 752/752
f 597/597 814/814 773/773
f 563/563 548/548 630/630
f 200/200 210/210 988/988
f 994/994 578/578 895/895
f 655/655 698/698 997/997
f 678/678 538/538 622/622
f 807/807 971/971 869/869
f 871/871 726/726 714/714
f 993/993 676/676 428/428
f 714/714 726/726 885/885
f 700/700 856/856 998/998
f 700/700 556/556 680/680
f 680/680 556/556 843/843
f 821/821 928/928 903/903
f 968/968 851/851 854/854
f 671/671 917/917 675/675
f 911/911 998/998 856/856
f 864/864 572/572 571/571
f 858/858 619/619 590/590
f 771/771 923/923 581/581
f 350/350 573/573 714/714
f 885/885 720/720 714/714
f 920/920 726/726 878/878
f 180/180 985/985 210/210
f 947/947 689/689 697/697
f 908/908 536/536 895/895
f 560/560 22/22 745/745
f 933/933 602/602 600/600
f 385/385 590/590 753/753
f 733/733 897/897 764/764
f 908/908 728/728 536/536
f 536/536 728/728 917/917
f 602/602 648/648 14/14
f 597/597 917/917 728/728
f 648/648 602/602 933/933
f 917/917 597/597 428/428
f 744/744 939/939 638/638
f 940/940 939/939 744/744
f 453/453 807/807 22/22
f 962/962 940/940 764/764
f 752/752 764/764 940/940
f 752/752 940/940 744/744
f 720/720 645/645 350/350
f 753/753 590/590 813/813
f 638/638 923/923 771/771
f 552/552 569/569 991/991
f 630/630 776/776 563/563
f 736/736 385/385 816/816
f 385/385 753/753 816/816
f 744/744 648/648 752/752
f 537/537 764/764 752/752
f 988/988 210/210 985/985
f 372/372 756/756 654/654
f 982/982 994/994 895/895
f 537/537 920/920 878/878
f 671/671 982/982 895/895
f 993/993 655/655 997/997
f 671/671 928/928 982/982
f 565/565 797/797 980/980
f 980/980 797/797 988/988
f 903/903 671/671 887/887
f 671/671 675/675 887/887
f 676/676 887/887 675/675
f 771/771 676/676 809/809
f 689/689 600/600 837/837
f 535/535 678/678 576/576
f 869/869 813/813 747/747
f 821/821 903/903 758/758
f 558/558 940/940 962/962
f 869/869 747/747 807/807
f 962/962 36/36 558/558
f 821/821 758/758 797/797
f 726/726 871/871 585/585
f 903/903 845/845 758/758
f 736/736 816/816 991/991
f 654/654 700/700 680/680
f 560/560 840/840 22/22
f 864/864 567/567 854/854
f 538/538 615/615 560/560
f 535/535 615/615 538/538
f 865/865 622/622 858/858
f 869/869 868/868 693/693
f 826/826 883/883 869/869
f 592/592 572/572 864/864
f 552/552 984/984 695/695
f 911/911 736/736 991/991
f 984/984 883/883 826/826
f 605/605 889/889 891/891
f 717/717 18/18 890/890
f 891/891 897/897 605/605
f 717/717 14/14 18/18
f 915/915 764/764 897/897
f 619/619 858/858 622/622
f 923/923 638/638 939/939
f 720/720 885/885 947/947
f 962/962 764/764 915/915
f 892/892 895/895 578/578
f 920/920 933/933 909/909
f 895/895 892/892 27/27
f 560/560 619/619 538/538
f 895/895 27/27 908/908
f 615/615 698/698 840/840
f 939/939 940/940 558/558
f 736/736 911/911 856/856
f 671/671 536/536 917/917
f 915/915 36/36 962/962
f 917/917 428/428 675/675
f 915/915 174/174 36/36
f 606/606 676/676 993/993
f 745/745 22/22 807/807
f 869/869 971/971 868/868
f 715/715 655/655 852/852
f 18/18 14/14 648/648
f 984/984 552/552 813/813
f 385/385 736/736 929/929
f 929/929 736/736 756/756
f 773/773 852/852 655/655
f 985/985 980/980 988/988
f 892/892 902/902 642/642
f 776/776 994/994 563/563
f 372/372 654/654 621/621
f 797/797 565/565 819/819
f 988/988 797/797 200/200
f 837/837 697/697 689/689
f 947/947 621/621 945/945
f 821/821 797/797 819/819
f 697/697 621/621 947/947
f 200/200 797/797 820/820
f 758/758 820/820 797/797
f 717/717 678/678 14/14
f 622/622 23/23 14/14
f 903/903 928/928 671/671
f 645/645 680/680 843/843
f 820/820 758/758 923/923
f 581/581 923/923 845/845
f 923/923 758/758 845/845
f 600/600 147/147 837/837
f 615/615 743/743 997/997
f 558/558 820/820 923/923
f 558/558 923/923 939/939
f 890/890 771/771 809/809
f 592/592 878/878 572/572
f 654/654 856/856 700/700
f 14/14 678/678 622/622
f 889/889 674/674 891/891
f 971/971 807/807 453/453
f 635/635 854/854 667/667
f 897/897 891/891 915/915
f 816/816 753/753 813/813
f 635/635 864/864 854/854
f 864/864 635/635 592/592
f 174/174 558/558 36/36
f 880/880 861/861 297/297
f 297/297 1/1 880/880
f 790/790 1/1 757/757
f 946/946 790/790 757/757
f 71/71 251/251 145/145
f 505/505 131/131 357/357
f 265/265 143/143 38/38
f 156/156 71/71 145/145
f 157/157 211/211 78/78
f 157/157 403/403 211/211
f 79/79 78/78 76/76
f 235/235 120/120 169/169
f 79/79 90/90 78/78
f 300/300 449/449 329/329
f 482/482 432/432 127/127
f 364/364 482/482 127/127
f 373/373 29/29 131/131
f 90/90 575/575 423/423
f 951/951 760/760 815/815
f 485/485 245/245 489/489
f 894/894 651/651 828/828
f 252/252 357/357 487/487
f 364/364 166/166 482/482
f 624/624 766/766 767/767
f 766/766 624/624 853/853
f 651/651 877/877 968/968
f 29/29 449/449 425/425
f 143/143 346/346 222/222
f 346/346 143/143 495/495
f 245/245 244/244 181/181
f 766/766 853/853 616/616
f 56/56 131/131 505/505
f 722/722 265/265 488/488
f 265/265 722/722 631/631
f 639/639 493/493 143/143
f 268/268 495/495 493/493
f 268/268 716/716 495/495
f 835/835 850/850 954/954
f 766/766 616/616 762/762
f 156/156 145/145 716/716
f 575/575 90/90 79/79
f 300/300 329/329 166/166
f 996/996 598/598 604/604
f 251/251 127/127 145/145
f 251/251 437/437 127/127
f 329/329 245/245 485/485
f 143/143 493/493 495/495
f 432/432 69/69 414/414
f 432/432 482/482 69/69
f 716/716 145/145 495/495
f 487/487 300/300 364/364
f 425/425 300/300 487/487
f 73/73 357/357 252/252
f 935/935 815/815 755/755
f 489/489 181/181 242/242
f 245/245 181/181 489/489
f 90/90 157/157 78/78
f 423/423 403/403 157/157
f 687/687 611/611 874/874
f 861/861 737/737 596/596
f 737/737 861/861 880/880
f 879/879 737/737 880/880
f 965/965 640/640 156/156
f 235/235 169/169 346/346
f 965/965 716/716 793/793
f 127/127 437/437 364/364
f 487/487 364/364 437/437
f 357/357 131/131 487/487
f 425/425 449/449 300/300
f 916/916 921/921 790/790
f 624/624 841/841 699/699
f 346/346 495/495 235/235
f 495/495 16/16 235/235
f 251/251 252/252 437/437
f 907/907 967/967 579/579
f 69/69 485/485 193/193
f 56/56 373/373 131/131
f 78/78 373/373 56/56
f 143/143 265/265 760/760
f 73/73 252/252 251/251
f 268/268 493/493 639/639
f 283/283 505/505 357/357
f 905/905 579/579 7/7
f 874/874 73/73 71/71
f 862/862 905/905 7/7
f 505/505 611/611 76/76
f 884/884 79/79 76/76
f 242/242 238/238 485/485
f 242/242 485/485 489/489
f 157/157 90/90 423/423
f 245/245 201/201 244/244
f 201/201 448/448 244/244
f 645/645 835/835 350/350
f 350/350 835/835 954/954
f 193/193 414/414 69/69
f 364/364 300/300 166/166
f 955/955 739/739 954/954
f 805/805 616/616 853/853
f 222/222 419/419 38/38
f 145/145 16/16 495/495
f 265/265 38/38 488/488
f 38/38 143/143 222/222
f 616/616 805/805 701/701
f 760/760 265/265 631/631
f 828/828 567/567 571/571
f 760/760 639/639 143/143
f 73/73 251/251 71/71
f 640/640 71/71 156/156
f 283/283 357/357 73/73
f 76/76 56/56 505/505
f 505/505 283/283 611/611
f 76/76 78/78 56/56
f 79/79 884/884 657/657
f 166/166 485/485 69/69
f 166/166 329/329 485/485
f 449/449 245/245 329/329
f 432/432 414/414 235/235
f 423/423 575/575 748/748
f 131/131 425/425 487/487
f 131/131 29/29 425/425
f 651/651 968/968 567/567
f 946/946 564/564 965/965
f 238/238 193/193 485/485
f 222/222 346/346 169/169
f 951/951 996/996 604/604
f 16/16 432/432 235/235
f 16/16 127/127 432/432
f 145/145 127/127 16/16
f 437/437 252/252 487/487
f 482/482 166/166 69/69
f 841/841 748/748 699/699
f 951/951 815/815 996/996
f 830/830 866/866 543/543
f 853/853 657/657 805/805
f 853/853 699/699 657/657
f 877/877 651/651 894/894
f 894/894 828/828 557/557
f 557/557 828/828 550/550
f 812/812 755/755 782/782
f 604/604 946/946 965/965
f 955/955 652/652 767/767
f 850/850 652/652 955/955
f 850/850 835/835 912/912
f 812/812 782/782 938/938
f 866/866 905/905 862/862
f 877/877 916/916 711/711
f 596/596 737/737 739/739
f 894/894 557/557 879/879
f 584/584 967/967 907/907
f 739/739 737/737 724/724
f 916/916 790/790 584/584
f 739/739 955/955 596/596
f 71/71 640/640 874/874
f 73/73 611/611 283/283
f 73/73 874/874 611/611
f 884/884 76/76 611/611
f 79/79 657/657 575/575
f 951/951 268/268 639/639
f 951/951 793/793 268/268
f 645/645 843/843 835/835
f 564/564 874/874 640/640
f 748/748 534/534 423/423
f 657/657 884/884 805/805
f 879/879 921/921 877/877
f 877/877 921/921 916/916
f 572/572 871/871 775/775
f 699/699 575/575 657/657
f 861/861 766/766 762/762
f 847/847 542/542 564/564
f 906/906 687/687 542/542
f 766/766 955/955 767/767
f 866/866 830/830 641/641
f 701/701 805/805 687/687
f 1/1 847/847 757/757
f 835/835 843/843 912/912
f 564/564 757/757 847/847
f 762/762 701/701 906/906
f 874/874 564/564 542/542
f 866/866 710/710 905/905
f 7/7 755/755 583/583
f 879/879 877/877 894/894
f 935/935 598/598 996/996
f 907/907 579/579 710/710
f 912/912 841/841 652/652
f 967/967 604/604 598/598
f 884/884 611/611 687/687
f 946/946 604/604 967/967
f 737/737 557/557 724/724
f 724/724 557/557 550/550
f 877/877 711/711 684/684
f 938/938 631/631 722/722
f 557/557 737/737 879/879
f 782/782 944/944 631/631
f 739/739 724/724 954/954
f 710/710 641/641 684/684
f 967/967 598/598 579/579
f 641/641 710/710 866/866
f 874/874 542/542 687/687
f 755/755 944/944 782/782
f 652/652 624/624 767/767
f 951/951 604/604 793/793
f 965/965 793/793 604/604
f 951/951 639/639 760/760
f 841/841 681/681 748/748
f 847/847 906/906 542/542
f 755/755 7/7 935/935
f 701/701 687/687 906/906
f 651/651 567/567 828/828
f 579/579 935/935 7/7
f 967/967 790/790 946/946
f 815/815 760/760 944/944
f 880/880 1/1 921/921
f 543/543 634/634 830/830
f 996/996 815/815 935/935
f 585/585 871/871 572/572
f 793/793 716/716 268/268
f 762/762 616/616 701/701
f 805/805 884/884 687/687
f 866/866 862/862 543/543
f 699/699 748/748 575/575
f 684/684 711/711 710/710
f 871/871 724/724 550/550
f 573/573 724/724 871/871
f 652/652 841/841 624/624
f 710/710 579/579 905/905
f 579/579 598/598 935/935
f 907/907 710/710 584/584
f 711/711 916/916 710/710
f 782/782 631/631 938/938
f 710/710 916/916 584/584
f 1/1 297/297 847/847
f 861/861 762/762 297/297
f 965/965 564/564 640/640
f 954/954 850/850 955/955
f 815/815 944/944 755/755
f 573/573 954/954 724/724
f 641/641 851/851 968/968
f 573/573 350/350 954/954
f 850/850 912/912 652/652
f 828/828 571/571 775/775
f 624/624 699/699 853/853
f 584/584 790/790 967/967
f 1/1 790/790 921/921
f 879/879 880/880 921/921
f 596/596 766/766 861/861
f 955/955 766/766 596/596
f 944/944 760/760 631/631
f 550/550 775/775 871/871
f 641/641 968/968 684/684
f 968/968 877/877 684/684
f 775/775 550/550 828/828
f 965/965 156/156 716/716
f 946/946 757/757 564/564
f 297/297 762/762 906/906
f 906/906 847/847 297/297
f 274/274 243/243 270/270
f 685/685 749/749 688/688
f 374/374 274/274 31/31
f 230/230 327/327 531/531
f 353/353 459/459 231/231
f 140/140 232/232 368/368
f 88/88 185/185 84/84
f 402/402 227/227 280/280
f 629/629 685/685 787/787
f 529/529 307/307 519/519
f 436/436 254/254 144/144
f 436/436 144/144 259/259
f 408/408 176/176 15/15
f 614/614 751/751 978/978
f 212/212 140/140 327/327
f 549/549 176/176 541/541
f 460/460 74/74 121/121
f 460/460 121/121 378/378
f 63/63 460/460 107/107
f 460/460 378/378 107/107
f 102/102 63/63 107/107
f 100/100 40/40 462/462
f 280/280 60/60 232/232
f 3/3 60/60 462/462
f 296/296 522/522 519/519
f 522/522 418/418 227/227
f 60/60 3/3 368/368
f 243/243 274/274 374/374
f 254/254 84/84 144/144
f 107/107 286/286 135/135
f 673/673 26/26 796/796
f 40/40 490/490 412/412
f 394/394 426/426 151/151
f 270/270 3/3 433/433
f 978/978 899/899 614/614
f 274/274 270/270 433/433
f 282/282 460/460 63/63
f 274/274 433/433 435/435
f 63/63 296/296 520/520
f 63/63 164/164 296/296
f 274/274 189/189 31/31
f 522/522 164/164 418/418
f 307/307 176/176 519/519
f 233/233 509/509 412/412
f 212/212 110/110 140/140
f 749/749 886/886 936/936
f 529/529 208/208 307/307
f 459/459 531/531 254/254
f 436/436 231/231 459/459
f 509/509 433/433 172/172
f 549/549 98/98 15/15
f 435/435 433/433 509/509
f 176/176 549/549 15/15
f 112/112 231/231 436/436
f 637/637 608/608 607/607
f 230/230 212/212 327/327
f 559/559 459/459 353/353
f 418/418 490/490 100/100
f 953/953 673/673 902/902
f 738/738 794/794 633/633
f 499/499 140/140 368/368
f 368/368 270/270 243/243
f 88/88 84/84 254/254
f 374/374 31/31 246/246
f 594/594 26/26 673/673
f 594/594 983/983 26/26
f 391/391 394/394 151/151
f 102/102 135/135 490/490
f 391/391 151/151 388/388
f 378/378 286/286 107/107
f 102/102 107/107 135/135
f 462/462 40/40 299/299
f 983/983 981/981 787/787
f 280/280 100/100 462/462
f 499/499 327/327 140/140
f 327/327 499/499 531/531
f 522/522 296/296 164/164
f 531/531 88/88 254/254
f 394/394 941/941 539/539
f 259/259 112/112 436/436
f 208/208 541/541 307/307
f 40/40 412/412 509/509
f 13/13 208/208 402/402
f 13/13 402/402 110/110
f 299/299 509/509 172/172
f 299/299 172/172 433/433
f 368/368 232/232 60/60
f 368/368 243/243 499/499
f 499/499 243/243 185/185
f 144/144 84/84 246/246
f 559/559 230/230 459/459
f 875/875 103/103 685/685
f 586/586 559/559 353/353
f 388/388 151/151 282/282
f 520/520 388/388 282/282
f 408/408 388/388 520/520
f 164/164 63/63 102/102
f 164/164 102/102 490/490
f 633/633 703/703 691/691
f 531/531 185/185 88/88
f 614/614 713/713 718/718
f 84/84 243/243 374/374
f 402/402 280/280 232/232
f 388/388 408/408 15/15
f 15/15 391/391 388/388
f 98/98 391/391 15/15
f 886/886 562/562 721/721
f 941/941 394/394 391/391
f 541/541 176/176 307/307
f 98/98 549/549 942/942
f 462/462 299/299 3/3
f 280/280 462/462 60/60
f 212/212 792/792 110/110
f 964/964 110/110 792/792
f 63/63 520/520 282/282
f 618/618 957/957 749/749
f 100/100 280/280 418/418
f 135/135 412/412 490/490
f 230/230 531/531 459/459
f 801/801 353/353 231/231
f 299/299 40/40 509/509
f 703/703 633/633 794/794
f 433/433 3/3 299/299
f 408/408 520/520 519/519
f 519/519 522/522 227/227
f 860/860 978/978 751/751
f 164/164 490/490 418/418
f 531/531 499/499 185/185
f 135/135 363/363 412/412
f 135/135 2/2 363/363
f 519/519 227/227 529/529
f 412/412 363/363 233/233
f 402/402 529/529 227/227
f 185/185 243/243 84/84
f 84/84 374/374 246/246
f 110/110 402/402 232/232
f 110/110 232/232 140/140
f 98/98 941/941 391/391
f 408/408 519/519 176/176
f 402/402 208/208 529/529
f 490/490 40/40 100/100
f 459/459 254/254 436/436
f 520/520 296/296 519/519
f 227/227 418/418 280/280
f 368/368 3/3 270/270
f 618/618 103/103 832/832
f 103/103 618/618 685/685
f 663/663 661/661 116/116
f 230/230 882/882 746/746
f 607/607 663/663 116/116
f 796/796 663/663 607/607
f 208/208 769/769 541/541
f 769/769 208/208 13/13
f 110/110 964/964 13/13
f 562/562 957/957 769/769
f 586/586 230/230 559/559
f 893/893 586/586 353/353
f 893/893 353/353 801/801
f 718/718 964/964 792/792
f 691/691 703/703 541/541
f 55/55 103/103 875/875
f 792/792 746/746 718/718
f 886/886 713/713 936/936
f 886/886 721/721 713/713
f 116/116 637/637 607/607
f 608/608 708/708 607/607
f 690/690 936/936 713/713
f 899/899 690/690 713/713
f 832/832 633/633 618/618
f 721/721 13/13 964/964
f 709/709 936/936 690/690
f 983/983 709/709 661/661
f 983/983 787/787 709/709
f 663/663 26/26 661/661
f 703/703 794/794 942/942
f 738/738 633/633 832/832
f 663/663 796/796 26/26
f 607/607 824/824 796/796
f 607/607 931/931 824/824
f 637/637 978/978 860/860
f 691/691 541/541 957/957
f 750/750 586/586 893/893
f 608/608 860/860 987/987
f 562/562 769/769 721/721
f 964/964 713/713 721/721
f 964/964 718/718 713/713
f 749/749 562/562 886/886
f 633/633 691/691 618/618
f 614/614 746/746 882/882
f 882/882 751/751 614/614
f 750/750 751/751 882/882
f 931/931 607/607 708/708
f 787/787 688/688 709/709
f 860/860 751/751 623/623
f 981/981 983/983 594/594
f 709/709 688/688 936/936
f 690/690 116/116 709/709
f 116/116 690/690 899/899
f 792/792 212/212 230/230
f 787/787 981/981 629/629
f 796/796 902/902 673/673
f 978/978 637/637 899/899
f 987/987 708/708 608/608
f 718/718 746/746 614/614
f 882/882 586/586 750/750
f 713/713 614/614 899/899
f 875/875 685/685 629/629
f 685/685 688/688 787/787
f 661/661 709/709 116/116
f 623/623 751/751 750/750
f 749/749 685/685 618/618
f 749/749 936/936 688/688
f 941/941 98/98 942/942
f 957/957 541/541 769/769
f 13/13 721/721 769/769
f 703/703 549/549 541/541
f 703/703 942/942 549/549
f 230/230 746/746 792/792
f 882/882 230/230 586/586
f 691/691 957/957 618/618
f 957/957 562/562 749/749
f 673/673 730/730 594/594
f 26/26 983/983 661/661
f 116/116 899/899 637/637
f 860/860 608/608 637/637
f 463/463 455/455 215/215
f 30/30 284/284 34/34
f 246/246 31/31 32/32
f 83/83 33/33 66/66
f 264/264 32/32 250/250
f 96/96 33/33 83/83
f 126/126 30/30 34/34
f 126/126 34/34 43/43
f 34/34 413/413 43/43
f 96/96 83/83 87/87
f 415/415 167/167 420/420
f 43/43 413/413 42/42
f 42/42 496/496 43/43
f 42/42 375/375 496/496
f 523/523 57/57 525/525
f 446/446 532/532 387/387
f 119/119 50/50 115/115
f 443/443 57/57 249/249
f 475/475 125/125 9/9
f 66/66 46/46 115/115
f 483/483 277/277 9/9
f 50/50 66/66 115/115
f 456/456 516/516 393/393
f 525/525 57/57 160/160
f 66/66 50/50 83/83
f 95/95 31/31 189/189
f 46/46 66/66 70/70
f 441/441 281/281 152/152
f 70/70 66/66 33/33
f 441/441 470/470 281/281
f 33/33 141/141 70/70
f 4/4 289/289 250/250
f 289/289 4/4 199/199
f 492/492 405/405 359/359
f 160/160 477/477 75/75
f 75/75 165/165 160/160
f 289/289 202/202 205/205
f 75/75 170/170 165/165
f 484/484 170/170 75/75
f 420/420 167/167 109/109
f 525/525 530/530 301/301
f 83/83 158/158 87/87
f 99/99 87/87 158/158
f 523/523 417/417 521/521
f 525/525 301/301 417/417
f 298/298 96/96 87/87
f 96/96 141/141 33/33
f 215/215 213/213 146/146
f 285/285 141/141 96/96
f 97/97 475/475 162/162
f 205/205 202/202 279/279
f 167/167 205/205 279/279
f 97/97 162/162 101/101
f 99/99 298/298 87/87
f 8/8 81/81 97/97
f 214/214 427/427 429/429
f 115/115 209/209 119/119
f 113/113 214/214 429/429
f 115/115 477/477 209/209
f 115/115 46/46 477/477
f 30/30 125/125 284/284
f 440/440 152/152 113/113
f 509/509 301/301 444/444
f 39/39 375/375 42/42
f 46/46 70/70 225/225
f 225/225 70/70 138/138
f 141/141 138/138 70/70
f 506/506 380/380 415/415
f 370/370 138/138 141/141
f 465/465 8/8 97/97
f 370/370 141/141 285/285
f 284/284 370/370 285/285
f 57/57 523/523 249/249
f 214/214 516/516 456/456
f 214/214 113/113 202/202
f 279/279 113/113 152/152
f 492/492 72/72 405/405
f 274/274 435/435 189/189
f 165/165 293/293 160/160
f 475/475 97/97 470/470
f 288/288 158/158 161/161
f 288/288 99/99 158/158
f 9/9 162/162 475/475
f 162/162 9/9 277/277
f 31/31 95/95 159/159
f 165/165 170/170 293/293
f 298/298 285/285 96/96
f 170/170 484/484 429/429
f 429/429 484/484 173/173
f 178/178 173/173 92/92
f 288/288 298/298 99/99
f 440/440 178/178 183/183
f 92/92 125/125 178/178
f 178/178 125/125 183/183
f 308/308 81/81 463/463
f 263/263 264/264 323/323
f 451/451 204/204 209/209
f 4/4 202/202 199/199
f 530/530 532/532 446/446
f 456/456 533/533 427/427
f 214/214 456/456 427/427
f 483/483 125/125 30/30
f 126/126 356/356 30/30
f 8/8 455/455 463/463
f 43/43 492/492 126/126
f 455/455 8/8 498/498
f 138/138 362/362 225/225
f 126/126 492/492 356/356
f 359/359 356/356 492/492
f 509/509 233/233 301/301
f 496/496 492/492 43/43
f 380/380 194/194 250/250
f 257/257 249/249 523/523
f 506/506 384/384 380/380
f 509/509 444/444 446/446
f 256/256 359/359 405/405
f 308/308 215/215 146/146
f 215/215 308/308 463/463
f 113/113 279/279 202/202
f 160/160 530/530 525/525
f 530/530 160/160 293/293
f 279/279 152/152 281/281
f 281/281 109/109 279/279
f 34/34 285/285 298/298
f 81/81 281/281 470/470
f 413/413 298/298 288/288
f 429/429 427/427 170/170
f 31/31 159/159 32/32
f 159/159 4/4 32/32
f 32/32 4/4 250/250
f 34/34 284/284 285/285
f 429/429 178/178 440/440
f 363/363 521/521 417/417
f 288/288 161/161 318/318
f 444/444 301/301 530/530
f 440/440 183/183 441/441
f 183/183 475/475 441/441
f 183/183 125/125 475/475
f 420/420 109/109 308/308
f 209/209 477/477 451/451
f 444/444 530/530 446/446
f 204/204 451/451 443/443
f 97/97 101/101 465/465
f 46/46 75/75 477/477
f 532/532 533/533 387/387
f 387/387 533/533 393/393
f 456/456 393/393 533/533
f 225/225 75/75 46/46
f 75/75 225/225 362/362
f 308/308 281/281 81/81
f 356/356 483/483 30/30
f 277/277 356/356 359/359
f 138/138 173/173 362/362
f 81/81 8/8 463/463
f 92/92 138/138 370/370
f 441/441 475/475 470/470
f 92/92 370/370 125/125
f 125/125 370/370 284/284
f 523/523 521/521 257/257
f 194/194 264/264 250/250
f 446/446 435/435 509/509
f 413/413 34/34 298/298
f 387/387 189/189 446/446
f 95/95 387/387 393/393
f 95/95 393/393 516/516
f 214/214 202/202 516/516
f 170/170 533/533 293/293
f 526/526 318/318 161/161
f 206/206 162/162 277/277
f 206/206 277/277 359/359
f 39/39 318/318 526/526
f 39/39 42/42 318/318
f 167/167 279/279 109/109
f 427/427 533/533 170/170
f 318/318 42/42 288/288
f 42/42 413/413 288/288
f 173/173 178/178 429/429
f 81/81 470/470 97/97
f 440/440 113/113 429/429
f 233/233 417/417 301/301
f 477/477 160/160 451/451
f 451/451 160/160 57/57
f 443/443 451/451 57/57
f 250/250 289/289 380/380
f 205/205 380/380 289/289
f 415/415 380/380 205/205
f 167/167 415/415 205/205
f 146/146 420/420 308/308
f 362/362 484/484 75/75
f 484/484 362/362 173/173
f 159/159 95/95 516/516
f 9/9 125/125 483/483
f 4/4 159/159 516/516
f 92/92 173/173 138/138
f 277/277 483/483 356/356
f 202/202 289/289 199/199
f 109/109 281/281 308/308
f 496/496 375/375 68/68
f 161/161 400/400 526/526
f 144/144 246/246 263/263
f 263/263 246/246 32/32
f 263/263 32/32 264/264
f 417/417 523/523 525/525
f 333/333 331/331 420/420
f 333/333 420/420 146/146
f 435/435 446/446 189/189
f 8/8 465/465 498/498
f 532/532 530/530 293/293
f 189/189 387/387 95/95
f 532/532 293/293 533/533
f 206/206 101/101 162/162
f 359/359 256/256 206/206
f 4/4 516/516 202/202
f 152/152 440/440 441/441
f 363/363 417/417 233/233
f 458/458 409/409 287/287
f 236/236 231/231 112/112
f 336/336 118/118 241/241
f 118/118 566/566 241/241
f 566/566 118/118 468/468
f 223/223 48/48 574/574
f 454/454 506/506 273/273
f 331/331 275/275 273/273
f 117/117 512/512 450/450
f 515/515 194/194 380/380
f 765/765 725/725 881/881
f 311/311 725/725 765/765
f 506/506 415/415 331/331
f 464/464 409/409 207/207
f 112/112 259/259 111/111
f 468/468 321/321 221/221
f 221/221 322/322 223/223
f 223/223 322/322 48/48
f 960/960 568/568 725/725
f 223/223 810/810 221/221
f 129/129 617/617 574/574
f 287/287 833/833 617/617
f 512/512 323/323 264/264
f 943/943 788/788 759/759
f 303/303 613/613 741/741
f 728/728 806/806 808/808
f 970/970 649/649 612/612
f 513/513 612/612 643/643
f 513/513 643/643 919/919
f 949/949 914/914 919/919
f 949/949 545/545 914/914
f 111/111 118/118 336/336
f 515/515 380/380 384/384
f 545/545 591/591 914/914
f 241/241 236/236 336/336
f 934/934 241/241 566/566
f 662/662 900/900 545/545
f 80/80 664/664 989/989
f 989/989 774/774 80/80
f 570/570 468/468 221/221
f 900/900 658/658 67/67
f 810/810 223/223 574/574
f 323/323 259/259 263/263
f 264/264 450/450 512/512
f 384/384 321/321 515/515
f 321/321 384/384 454/454
f 464/464 207/207 275/275
f 117/117 515/515 468/468
f 129/129 207/207 458/458
f 450/450 264/264 194/194
f 801/801 231/231 236/236
f 617/617 129/129 458/458
f 458/458 287/287 617/617
f 454/454 384/384 506/506
f 146/146 213/213 333/333
f 810/810 570/570 221/221
f 725/725 568/568 798/798
f 950/950 568/568 896/896
f 287/287 410/410 833/833
f 454/454 273/273 322/322
f 48/48 273/273 275/275
f 48/48 275/275 207/207
f 331/331 415/415 420/420
f 111/111 512/512 118/118
f 118/118 512/512 117/117
f 468/468 515/515 321/321
f 236/236 112/112 111/111
f 129/129 48/48 207/207
f 236/236 111/111 336/336
f 207/207 409/409 458/458
f 610/610 810/810 612/612
f 987/987 658/658 873/873
f 259/259 144/144 263/263
f 129/129 574/574 48/48
f 194/194 515/515 450/450
f 610/610 513/513 603/603
f 273/273 506/506 331/331
f 275/275 331/331 333/333
f 275/275 333/333 213/213
f 213/213 464/464 275/275
f 213/213 62/62 464/464
f 62/62 213/213 215/215
f 215/215 455/455 62/62
f 914/914 934/934 566/566
f 111/111 259/259 323/323
f 111/111 323/323 512/512
f 117/117 450/450 515/515
f 322/322 321/321 454/454
f 322/322 273/273 48/48
f 801/801 952/952 900/900
f 118/118 117/117 468/468
f 321/321 322/322 221/221
f 950/950 643/643 798/798
f 694/694 683/683 719/719
f 803/803 306/306 975/975
f 806/806 844/844 808/808
f 979/979 868/868 803/803
f 931/931 708/708 827/827
f 620/620 719/719 827/827
f 844/844 806/806 943/943
f 694/694 620/620 943/943
f 873/873 658/658 992/992
f 311/311 852/852 960/960
f 715/715 311/311 765/765
f 765/765 973/973 715/715
f 725/725 798/798 966/966
f 768/768 647/647 803/803
f 603/603 468/468 570/570
f 570/570 610/610 603/603
f 589/589 893/893 801/801
f 589/589 801/801 900/900
f 591/591 952/952 934/934
f 591/591 934/934 914/914
f 919/919 603/603 513/513
f 612/612 513/513 610/610
f 612/612 810/810 818/818
f 741/741 617/617 930/930
f 930/930 617/617 774/774
f 708/708 873/873 827/827
f 992/992 943/943 620/620
f 803/803 975/975 979/979
f 658/658 900/900 662/662
f 306/306 303/303 975/975
f 919/919 643/643 950/950
f 453/453 768/768 971/971
f 306/306 970/970 303/303
f 765/765 881/881 647/647
f 966/966 970/970 306/306
f 806/806 728/728 683/683
f 987/987 67/67 658/658
f 814/814 597/597 808/808
f 774/774 989/989 979/979
f 979/979 975/975 774/774
f 798/798 649/649 966/966
f 881/881 966/966 306/306
f 989/989 693/693 979/979
f 683/683 642/642 800/800
f 719/719 683/683 800/800
f 806/806 683/683 694/694
f 808/808 844/844 814/814
f 952/952 801/801 236/236
f 694/694 719/719 620/620
f 708/708 987/987 873/873
f 952/952 236/236 241/241
f 952/952 241/241 934/934
f 896/896 949/949 950/950
f 468/468 603/603 566/566
f 896/896 759/759 788/788
f 960/960 814/814 759/759
f 610/610 570/570 810/810
f 818/818 810/810 574/574
f 741/741 574/574 617/617
f 852/852 311/311 715/715
f 881/881 725/725 966/966
f 453/453 22/22 840/840
f 840/840 973/973 453/453
f 900/900 952/952 591/591
f 914/914 566/566 603/603
f 613/613 818/818 741/741
f 732/732 898/898 80/80
f 662/662 545/545 949/949
f 950/950 949/949 919/919
f 620/620 827/827 873/873
f 970/970 613/613 303/303
f 759/759 844/844 943/943
f 647/647 768/768 973/973
f 908/908 642/642 683/683
f 908/908 27/27 642/642
f 908/908 683/683 728/728
f 860/860 623/623 987/987
f 67/67 987/987 623/623
f 728/728 808/808 597/597
f 992/992 662/662 949/949
f 896/896 788/788 949/949
f 568/568 950/950 798/798
f 818/818 574/574 741/741
f 931/931 719/719 824/824
f 620/620 873/873 992/992
f 719/719 931/931 827/827
f 788/788 943/943 992/992
f 806/806 694/694 943/943
f 814/814 844/844 759/759
f 67/67 750/750 893/893
f 67/67 893/893 589/589
f 814/814 960/960 852/852
f 900/900 591/591 545/545
f 919/919 914/914 603/603
f 774/774 833/833 410/410
f 410/410 80/80 774/774
f 664/664 80/80 898/898
f 898/898 732/732 910/910
f 774/774 975/975 930/930
f 868/868 971/971 768/768
f 649/649 798/798 643/643
f 612/612 649/649 643/643
f 303/303 741/741 930/930
f 966/966 649/649 970/970
f 664/664 693/693 989/989
f 930/930 975/975 303/303
f 759/759 568/568 960/960
f 960/960 725/725 311/311
f 647/647 973/973 765/765
f 970/970 612/612 613/613
f 453/453 973/973 768/768
f 612/612 818/818 613/613
f 662/662 992/992 658/658
f 773/773 814/814 852/852
f 992/992 949/949 788/788
f 868/868 979/979 693/693
f 664/664 898/898 666/666
f 881/881 306/306 647/647
f 647/647 306/306 803/803
f 768/768 803/803 868/868
f 759/759 896/896 568/568
f 617/617 833/833 774/774
f 623/623 750/750 67/67
f 900/900 67/67 589/589
f 642/642 902/902 796/796
f 796/796 800/800 642/642
f 800/800 824/824 719/719
f 800/800 796/796 824/824
