v -0.28133306440418726 0.41167775777549953 0.07644630710177423
v -0.21486429828071432 0.38633332657957936 0.12339925321159137
v -0.23774315976321558 -0.13967788876601664 0.2482038315539694
v -0.1024321589336092 0.44221441223835245 0.09374039288181676
v 0.42125528346427243 -0.059632379583656366 0.13160671529067045
v 0.06606590078574673 0.31370454956907173 0.2374726314543129
v 0.08164374111433934 0.46820384876052934 0.10570072384117653
v 0.04703702717601743 0.2901915045769022 0.2475510815275483
v 0.18815620404011082 -0.14100984633550212 0.2529555964506457
v 0.40139054959595233 0.24642382687344033 0.11580554517039884
v 0.23896211321637664 -0.20212050755101274 0.2096786019001966
v -0.44677253024944763 0.12889022291937255 0.08534037918023507
v -0.4779919533337833 0.12428831731053153 0.05782456735279359
v -0.48278810838365427 0.10213763926220049 0.07259949105285385
v -0.42330687845827064 -0.2297374745249716 0.03951281406463012
v -0.4257186291160977 0.12439706269152256 0.11247149214558569
v -0.48871633094661815 0.08228497220338235 0.05214397436620223
v 0.4068349407185332 0.08071812813721763 0.1221500926407849
v -0.47135082340535805 0.11830485118030493 0.06513938146230665
v -0.4636921998252884 0.04841134282477772 0.07332517156139812
v -0.41885924943114716 0.11548819921984332 0.12291213006999563
v -0.4474210806747093 0.09242016492338692 0.11187815656102536
v -0.46276141135758264 0.1303011411459185 0.07056932188025522
v -0.42367187181027055 -0.0036150787538145653 0.10701119694389208
v -0.43775365394489585 0.06472845105744364 0.11316240057487043
v -0.47673038992447636 0.08039840726016845 0.06387517633676898
v -0.4177101674945445 0.04122368392911839 0.13155357157709982
v -0.47812520333507125 0.09715483273869147 0.07452888214550948
v -0.4493233566299162 0.046409433545476726 0.09277200616571817
v -0.4351798551894088 0.04083377866109572 0.11026047608789948
v -0.4948757357150144 0.10633643337321008 0.05527509464362857
v -0.44068853229957017 0.15894689674450502 0.07035256996773902
v -0.416523111859315 0.0488211756248728 0.13303228837008452
v -0.4637293595726507 0.07233827688183081 0.08311256676828041
v -0.4543670363148057 0.06954055746742749 0.0971084746059524
v -0.4457684163487974 -0.08767115774470566 0.053617047587827246
v -0.45523657119162864 -0.05419256940112278 0.051661195237364343
v -0.45916549709013144 0.04439689736987418 0.08063421244836223
v -0.44103817607732887 0.17084936872439638 0.06502873929544373
v -0.46351433412186016 -0.009791524162073895 0.054722674154245456
v -0.41217725488781565 -0.04951263589209267 0.11043356737881685
v -0.4475808367685079 0.012511409889117042 0.08505613569956874
v -0.4554206580512056 0.1520406936126619 0.060119954683134795
v -0.4442510291099617 0.04389111374561268 0.09589327922057268
v -0.43023508963424584 -0.16610292585081451 0.04962083722137197
v -0.4119875740031852 -0.024987016921924364 0.1176074579946518
v -0.4594472204634624 0.11142559909717628 0.08762953670997163
v -0.4189500765623655 -0.06712501412044805 0.09434224246019898
v -0.4522547564996352 0.11356594049374208 0.09462932107547904
v -0.4209215736209865 0.1363212673802993 0.10561446627977131
v -0.4293473968176853 0.08873532527425673 0.13485899039508725
v -0.43714988837906443 0.14435880832578782 0.08495979673730193
v -0.41695175731083534 0.15142594433610465 0.10232833923929693
v -0.4664923263605574 0.09640242194712362 0.09209208586518519
v -0.4323324189876141 0.1810655689117509 0.0651675577996348
v -0.2772577574179218 -0.2369421770409143 0.17304980620982402
v -0.33351315818189997 -0.09652431301386816 0.18021168598366244
v -0.42017981457385944 -0.2680409677508272 0.03436110323614309
v -0.31900450306279826 0.06139135302221944 0.23358898657532687
v 0.4014745487679665 -0.014755160639649795 0.14802158402488036
v 0.4336196931786096 0.1296989929201466 0.09653603634850197
v -0.29337800320656937 -0.23769487359821437 0.16408974458026251
v -0.39963575862958667 -0.06808946360389964 0.12013047418605449
v -0.3175210224017766 -0.2690101321438476 0.1216510417113076
v -0.3073212388442595 -0.2585610737766946 0.1356284663587281
v -0.2978998091353625 -0.11423419327668588 0.2091667362231095
v -0.3565283590672855 -0.05024611898628776 0.16844222372964957
v -0.28792583546208206 -0.19684800345531986 0.2038331462488655
v -0.2879636888759646 -0.031798783071880665 0.2294562503970885
v -0.27472183231536695 -0.14873469275147308 0.2246809636143301
v -0.27388974563263224 -0.00866625601895115 0.24365437579227886
v 0.42129206519687135 0.2243161921512975 0.09050905954374902
v -0.36973710281892486 0.014108336846491178 0.17246611191461092
v -0.3166631618203102 -0.2520397118746349 0.13539123246214682
v -0.392931456062259 0.03243590448670796 0.154040894757832
v -0.3298748680478548 -0.24304261202393895 0.1390496315846704
v -0.32261244197667993 -0.21191124845825196 0.17672368518087722
v -0.3673413505369779 -0.03450021116169625 0.1640566608890534
v -0.4109466080348484 -0.2764655537480223 0.03397089507008432
v -0.39253289467592656 -0.2580665965054275 0.07810940779147231
v -0.30255820426859703 0.011755692383816536 0.22802686838787428
v 0.407960148744803 -0.06824819719216949 0.1526260025870564
v -0.32318869831636843 -0.2543466970066978 0.13329337804791214
v 0.4140383116567641 0.268078917605357 0.0912084866259358
v -0.30457680102741225 0.3403011697678125 0.1004346180838086
v 0.46922632964701283 -0.08406305809418585 0.09458715530121542
v -0.4060312589721097 -0.2434388405293028 0.06271406796618648
v -0.2983656206518051 0.135102398703141 0.20642000182425913
v -0.3682605762495793 -0.24117796679783132 0.11554896937741777
v -0.3811151165701261 0.14818516855126346 0.13901140983511603
v -0.3437414188600312 0.3089651448430649 0.07675719656459912
v 0.468083349832356 -0.023886557061405654 0.07857821634237075
v -0.3401381081898106 -0.15537539129436193 0.1659511821044184
v 0.4813063453704086 -0.10762195865772889 0.08276709209681744
v -0.3601670566579155 0.07110176477684182 0.20307359600384478
v 0.4273392468362114 0.19099404744704138 0.08681927719295342
v -0.36584523952142284 0.06542870338237271 0.19257738311129374
v -0.36813846110948256 -0.13075822580273555 0.13897635908783224
v 0.4618493762426682 -0.005844454506423912 0.08193778991438198
v -0.3385051769513599 -0.22190186497622083 0.1568805015937592
v -0.38270280071195484 -0.0646770156218362 0.13845870631375154
v 0.3970282879375132 0.26285960214832954 0.1141453603536065
v -0.3791095925121908 0.12712595154953701 0.15152269115743128
v -0.3970442852630641 0.04902598137733352 0.15720995361169082
v -0.3809968722292765 0.19361715583850356 0.10839519400350686
v 0.4670232556658811 -0.08688187071130354 0.08909205404012223
v -0.32676216306401284 0.0948942597194321 0.20840249005336897
v -0.26517085193913364 -0.0940900327108323 0.2351679466102255
v -0.3916452835008096 0.07884743209255629 0.1740556964836339
v -0.28647296548978063 -0.07637650386386696 0.2221704483247157
v -0.32687053341740424 -0.3272909631681773 0.04535281014049728
v 0.4647077593269957 -0.11581877069351348 0.09915709344767969
v 0.4177169204777519 0.2748961992492469 0.0899934232228621
v -0.34515462217679205 -0.2514668400371556 0.1184009871520611
v -0.315988440534382 -0.205010280923084 0.18431175713035436
v -0.2820283432049657 -0.06006306458689873 0.22568673545543283
v -0.27535252668493415 -0.0005239567359031274 0.24280652059319097
v -0.4143213804929968 0.20246679208967103 0.07021515728922528
v -0.3306749332779032 -0.21604020007516186 0.16502814955643494
v 0.39560808386573587 0.18402058318119863 0.12007651192836707
v -0.28154474264553286 0.04822402259989267 0.25196332741118554
v -0.3591196829293348 0.2289798650167093 0.11144974040970401
v -0.35111764449831034 -0.11230475285847608 0.16276098352327512
v -0.3412777776706549 0.3098633090437345 0.08185782180042725
v -0.3562637805094845 0.07527595496287035 0.20058289236066768
v 0.42281572033039183 0.26071412595425403 0.09088912755206102
v -0.3709831880748221 0.11808848666584712 0.16597549579273121
v -0.40089958320857244 -0.15569166168686188 0.09216897060020682
v 0.46988261816874644 -0.09886022226924826 0.09256930959996465
v -0.3412170092925976 -0.004963332386070687 0.19294815039619534
v 0.42563213646618536 0.23242847415900833 0.09047190604274491
v -0.29246843850850945 0.08806052268995176 0.23087620494455247
v -0.324034005216101 -0.12617873381511863 0.18532307753598026
v -0.4054036910256005 -0.213130154584413 0.06987300090791143
v 0.4561980854937051 -0.0842341587149715 0.11003335025884439
v -0.33942541992716424 -0.2421371713592536 0.1343822062274097
v -0.3187278064490042 -0.08382010358600656 0.19651430443113052
v 0.41279302531368034 0.2103561181086809 0.10706208634981577
v 0.39824292840357844 0.282212815606023 0.09273419094634913
v -0.3588323630627259 -0.23294019903496463 0.12818926206955206
v -0.30839570393570326 0.05916987223314345 0.23739873055377073
v 0.4192164486629837 0.24181387631055198 0.08926595258983586
v -0.30826236439197374 0.3689136798417609 0.0762655908858719
v -0.31653473949957556 -0.01557506569335031 0.21055253997696155
v -0.3414834268609044 -0.1656550202651093 0.16083731088654593
v -0.2833501305767301 0.2507773869819548 0.16778033838344375
v 0.4331145236314814 0.1573321006075085 0.08638510199566116
v -0.35577559784241203 -0.23283674608342808 0.1338490509760473
v -0.29791401113119265 0.26589887521531247 0.14437467025747125
v -0.4008507716175056 -0.25903051146162626 0.06519175897160912
v -0.3748502134758399 -0.23999763106815755 0.10580478892125114
v -0.39496227024408426 -0.2383663220360026 0.07878059741456725
v -0.32359328220112105 0.26154784943597903 0.12665382220476956
v -0.38397754497769054 0.24902623699121867 0.07227873636825603
v 0.43343491541768164 0.10751451894788847 0.09300931972975676
v -0.3010167606065851 -0.27075019135173034 0.13556884095651123
v -0.3854474353974181 -0.27074904216296697 0.06259589637008711
v -0.40730619823785186 0.10369098798486912 0.1440462766864994
v -0.42266763114822836 0.18901862793536958 0.07273562243778824
v -0.28976471440870233 -0.22476771998081418 0.17994387767628683
v -0.3722722764818758 -0.1600332328351979 0.12949605907129066
v -0.28443166455252866 -0.1824085541864604 0.2142795002948929
v -0.3963382296976309 -0.11747532058558185 0.11081434060830711
v 0.42729729464590616 0.18892096392089303 0.09384324783559751
v -0.3222535419231166 0.2587375171830741 0.12625839307961625
v -0.3916832446446783 -0.10478965578054833 0.1176434764184811
v -0.3108892562703205 0.08721290566235579 0.22377879094778322
v 0.4166563548052038 -0.10055200196401592 0.15257335359064184
v -0.284023804076194 -0.12192415055936234 0.21762845901311573
v -0.3111471391484125 0.1365251445586694 0.20008317053714905
v -0.32285374068453887 0.02784739026604436 0.21930341922088872
v -0.3206142637600443 0.3480096305392043 0.08014672340624712
v -0.2999723919327967 -0.19662112133412507 0.20183103423739598
v -0.4027865205911574 -0.26974554759087793 0.05625301377747967
v -0.3534341669513731 0.11586617482505931 0.17821322953463686
v -0.31233737355378316 -0.16798718203614835 0.19099338807473742
v 0.41770279494626417 0.1234293172493279 0.10434818343569345
v -0.34995016446770716 0.16533260720934068 0.1563879630647276
v -0.3032827656324373 -0.1502854492336329 0.19919108761540089
v 0.41776055883102625 0.1281873056373951 0.11020573345632069
v -0.31093555980432785 -0.2742129942201052 0.11544630479715881
v -0.2755073314237497 0.03431973412362319 0.25356780315322236
v -0.3490855523731172 0.09752922640736919 0.19461075983741244
v 0.4079820433343506 0.2496626219093102 0.10404809927503071
v -0.3180202731528752 -0.04246209725355011 0.20445333587710665
v -0.2671018959245206 0.03913442408765575 0.2577883716416841
v -0.36245231154154806 0.048748838697437326 0.19216915620178968
v 0.33831810485651237 -0.22061696896502386 0.12538617028146185
v 0.44324259571852653 0.07585213960710399 0.08807558794379076
v -0.270613794173887 0.07641508092311822 0.24904757320521692
v -0.28000682156525647 0.13391915452015857 0.2203168398976521
v -0.33481051034531795 0.06483259703444162 0.2198928793077181
v -0.3846244003658983 0.17927353861573198 0.11641142258106554
v -0.37693179532971377 -0.29692361547174745 0.03893344766539368
v -0.3908733475039291 -0.09868996659729418 0.12259641630697776
v -0.2986369202943807 0.036019349380280924 0.23946373307261562
v 0.4414235129823556 -0.11293564095441685 0.12073132884829914
v -0.39314729187255226 0.0798422229869874 0.1699421123710771
v -0.3094704596431449 0.20900422181066353 0.16693366042744737
v -0.3122224912563337 -0.06721085702776111 0.20251668802549264
v -0.27547305652263515 0.26497293232706853 0.16413337207206008
v -0.28255181299446175 0.37551705180793465 0.10078223235657473
v -0.3215923957894177 -0.1756901733677395 0.17959183282218644
v 0.450752422636174 -0.12902519335525672 0.09894609154681792
v -0.3418563460899322 -0.0069335501874550065 0.19386301586031435
v -0.3379586543696854 0.03485088252856289 0.20696305904544746
v -0.36536857097037356 -0.19892317967709885 0.1269170098310594
v 0.4307341287552001 -0.1718397955562908 0.07994603500105474
v -0.2902621821027993 0.3950562986762718 0.08449100362473307
v -0.290372094181618 0.4005254718374739 0.07826031939359661
v -0.34341685967044144 0.17226013091673112 0.15522754070911418
v -0.3581620522807454 -0.268881128359822 0.08719640738931071
v 0.37617847179048725 0.15925103029463591 0.14296516935409498
v -0.2968785640497418 0.27206320619755775 0.14532697014139778
v -0.34484910594652846 0.12528943564748585 0.18220496457448251
v 0.3793858224490687 0.15881059591839064 0.14579509827262363
v -0.2937833703833841 0.3379592920042112 0.10871754837867169
v -0.3477865887507133 -0.21906851782063558 0.1452447574176487
v -0.31331217314791204 0.19577140710562133 0.16768168908254028
v -0.32190197121369357 0.16757362742917112 0.17753607979130218
v -0.3832214839978534 -0.05124306420603674 0.1433652320582286
v -0.3457843232552834 -0.05973463994693317 0.17851666122329127
v -0.36229407470665775 -0.08957436423302328 0.1544276415445338
v 0.46005809785788376 -0.00949312379608629 0.09097393513468667
v -0.3568720986364362 0.28973593706955564 0.07827795663932413
v -0.32986771979137874 -0.2564287823367786 0.12046183381468911
v -0.3719341476239604 0.010966394990967234 0.17142091614767163
v -0.2963806678598081 -0.2385430576953706 0.16317330553400616
v -0.35481532457386966 0.17741211386471034 0.14270208991123282
v -0.3966801962057629 0.2254139009829171 0.07712503755081689
v -0.3660134179576523 -0.21739135280325483 0.12486883906671842
v 0.40910663729760877 -0.14225916784136491 0.12504278246631934
v -0.27627900881620326 0.35221744480866646 0.12204054953948307
v -0.24803955919203463 -0.11931832750820856 0.2443038653596185
v -0.2813061911766518 -0.2891166555572174 0.12416587117390701
v -0.28797006838681827 -0.27399768035554595 0.1323055687263321
v -0.1457934718750479 -0.27312385193468464 0.2110757671462844
v 0.39906753689977226 0.021619791096864516 0.1381496197543613
v 0.4830241815041888 -0.09204844936781378 0.07619762302863807
v -0.18938072827882507 -0.42741378402831687 0.04643035455778834
v 0.3843851408251142 0.21936139205941213 0.12981545890998275
v 0.4948757357150144 -0.10808131174290492 0.07739615911199862
v -0.1437475322634728 0.03870618455950934 0.28989015869347323
v -0.20292036154426846 0.13871523360072063 0.25766825962467876
v -0.18914573267765228 -0.2671661844561677 0.1947090761280832
v -0.2413260064386688 -0.16198675367707388 0.24756837497593567
v -0.16182811767646516 -0.3935459362244254 0.10560365332089078
v -0.12881760135595846 -0.13536339097321226 0.2749188220085487
v 0.4809350288928882 -0.11630044105345247 0.08120977979414237
v 0.3987665160084769 0.10375055775034858 0.13295145572510444
v -0.17687732995466893 -0.32167429638994594 0.1601451441662483
v 0.4847713478676501 -0.11771217115382474 0.07222947177184376
v 0.40118036850757444 0.21408371253369243 0.11560873929799237
v 0.3993713413351151 -0.060400434015441214 0.15289946679259975
v 0.4296222301455833 -0.18497729417591238 0.0718709069188582
v -0.16371409328747494 -0.11195607215440162 0.28142806298117395
v -0.16691572279194034 0.2635812801561143 0.23584770353982085
v -0.24965386098889078 0.01593241988651041 0.2622670344341833
v -0.2381205893021498 -0.05040073088137176 0.2533047684189538
v 0.4067869683314449 -0.21141656347378987 0.07330735372822064
v -0.13679864316573676 -0.025226343598438943 0.289169031739614
v -0.22551036714474 -0.1587178028397723 0.2519504440087599
v -0.2092365132028328 0.0337627195800495 0.28149469465034815
v -0.22215851645699192 -0.3424048318292038 0.10994376055838768
v -0.2717719908561185 0.05308612179532106 0.25629875067048336
v 0.4640386755645898 -0.14177718236859166 0.07705784029315525
v -0.24330291146430116 -0.08167237651993861 0.24668416985499872
v -0.2241957305207457 0.2752166357065369 0.20402712024281267
v -0.1990111185929228 0.09334112122709015 0.26655791294653697
v 0.376120188105438 0.24420007610608307 0.1331479010456109
v -0.22202323723655734 0.3838574680924511 0.13079951885528837
v 0.48133787109013815 -0.07986468794479759 0.0832147545684065
v -0.2659074465761054 0.04678149722969317 0.26332337291231533
v 0.4443916404536815 -0.10150610825560735 0.12615303896255736
v -0.25616873890464 0.13375407452610472 0.23088145553585007
v 0.3922035090849837 -0.09525416855650548 0.16726810718455068
v -0.27082748900755327 -0.29358826721761844 0.13248221250744507
v -0.282173610021641 0.3697128470489825 0.10036685900473344
v -0.2504822040879038 0.1143998106241226 0.24332007572876282
v -0.17632143713645804 -0.09574222897545284 0.2770210820003446
v 0.4645687901892278 -0.11801888838590194 0.09317399393938267
v -0.25664390591447916 0.38884040574102824 0.12210430162857089
v 0.3725339624085702 -0.052042518305514845 0.17491074381636773
v 0.42463115386642036 0.2720994692887429 0.09171772665809291
v -0.19988050490070022 -0.22002518653910622 0.22116347916965182
v -0.2843630923531175 0.31308127682452785 0.1349565575267068
v 0.460390759188653 -0.10961935518384724 0.10150490900334017
v -0.14734585960507576 0.15840474802147705 0.2749309576593667
v -0.25061237961476834 -0.24974254099540127 0.1778675883804997
v -0.2510878546065659 0.4111232957192139 0.09966116115454696
v -0.2447778365382028 -0.2547133876955067 0.1746792385880294
v -0.1965063281325231 0.33901974003247387 0.17794154468749226
v -0.18002289660448328 -0.28503358997039824 0.18502598080029464
v -0.22504099677806502 0.15282949339407376 0.2409382431497443
v -0.2069828530131082 -0.33696334827705404 0.1266933157814037
v -0.16483130321167772 -0.008581236614605935 0.2847886025367099
v -0.2755824498670767 -0.28414326317788935 0.13000009867351167
v -0.19087679969913768 -0.29449707557676763 0.1715396291560985
v -0.2036021605750562 -0.26897605011152037 0.18486798108089197
v -0.1360191164501891 0.1290630680524989 0.28161026823325297
v 0.38217851575643214 -0.10082920490314154 0.17631057370870512
v -0.168383715201681 -0.40655704434445783 0.08298016462927932
v -0.24016788089449229 0.044348825754617203 0.2686815362044576
v -0.22533660864078997 -0.15180656469765985 0.2569541710732671
v -0.2757671641059747 0.33928545745196503 0.12547809345632296
v -0.17421621171348958 0.2512111223415917 0.24902305337795255
v -0.17079401808425598 -0.16150015138981555 0.2606784071070517
v 0.4375343278307049 -0.12799097240234839 0.10754726388545015
v -0.22490412621084582 -0.2151301279962135 0.21608929313169414
v -0.18578869452439004 -0.2095578404813911 0.23219192429452112
v -0.21484331296521025 0.36830011327800155 0.14287531430052994
v 0.44707629961229955 0.05900392788718523 0.09352957102232837
v 0.3956032853485192 -0.22488651771831908 0.07800412116993087
v -0.15355310160987415 -0.28415350494298913 0.20123594588557042
v -0.18964274873486742 -0.06831801286795913 0.27017890304366793
v 0.3755104030535219 0.27007538055321406 0.11756525921873731
v 0.4411353504860732 0.09734180579843577 0.0937959144468658
v -0.2028977848244269 0.13709000787139025 0.25538500111664714
v -0.22039613918209472 -0.34852712442265543 0.10576335186109637
v 0.38722563688971057 -0.09730085908967809 0.1787087996574753
v -0.2510729472684837 -0.3216724904852729 0.10919284341893253
v 0.46485405321725215 -0.03935756451976294 0.08426893903084494
v -0.24667016913812165 -0.16998970621745618 0.23966028254121427
v 0.42088582373297545 -0.09830594632660075 0.14153030512510764
v -0.249447661777626 -0.2792267083670691 0.15259267467193413
v -0.2111813722993846 0.3105801592725328 0.2026534147858498
v 0.38861488658404797 0.20053982015685579 0.13341879362346257
v -0.21504250866265068 -0.280122049303204 0.17161201315904961
v -0.16243579828322552 -0.17008191889294755 0.2569095308110016
v -0.20556352847687345 -0.3842968597941649 0.07907823229639871
v -0.2645465020121267 0.1655526544042984 0.21446288555903742
v -0.16097032528391947 -0.11061825972691533 0.2800764687510448
v -0.16204093352808507 0.022678997045830568 0.2932079500007408
v -0.20536166721100205 0.42785486497974234 0.08284777876140924
v -0.2611341706967165 -0.37217379581315063 0.049085447363310435
v 0.37474424472124757 0.2905595984220117 0.09025694875740908
v -0.2676446387461986 0.23460129674556998 0.18741710079843615
v -0.3090598470759204 -0.3051193886984227 0.08382892959717911
v 0.4201664384678242 -0.10575356817886453 0.14156054542747795
v -0.16366716709765175 0.3784469154200242 0.14480867443775058
v 0.3761301864445348 0.08774912001257526 0.15648049728708116
v -0.20220615383730334 -0.12242333011137926 0.26474320179041344
v -0.15180522356513065 0.35778781548827937 0.16616541478737923
v -0.18974997445136882 0.05851900831619558 0.27993057508633257
v 0.4068524582690958 0.03859954468343583 0.13421333976867011
v -0.17837886613415138 0.25079699665277083 0.2428111602642565
v -0.2221236887548709 0.11093932439935189 0.25639170290952285
v 0.37416491323178014 -0.1414171949624572 0.15170575378073914
v 0.4037499186959148 0.13489925720212445 0.11796848535544868
v -0.28462081878971174 0.20048923662793225 0.1867468533527331
v -0.1460938006279694 0.26553455317481967 0.2353345219538938
v 0.3840874904022672 0.19268257747369613 0.1324679445504029
v -0.1799839587460707 0.36594154889476943 0.14997466591633696
v -0.20185297949489078 0.03647620439802289 0.27995387652040205
v -0.2738885938882056 0.40821346514387885 0.09516020859452437
v -0.1799991068043784 -0.3781228927017567 0.10737035107849152
v -0.2729267309112919 0.42508680254800435 0.07998630933911982
v -0.1965353805096789 -0.1803969469147417 0.24689426877170403
v 0.40790680349697506 0.2397369563480281 0.11232250868728479
v -0.24765473300302643 0.1735578063460634 0.22427297792774598
v 0.4541140274285441 -0.15590459824262945 0.07106012079710625
v -0.17274085486059082 0.30539085237959196 0.20873258646036313
v 0.445563829089367 -0.06331440982247316 0.10766796128509634
v -0.15493223538937412 0.28709014099107316 0.22350452473522078
v -0.19523906497015805 -0.13244995901253398 0.2698802065052755
v -0.2517709942097719 0.42460315849030095 0.08234163751604096
v -0.17470617160442864 -0.03112319353171697 0.27989609623912337
v 0.40376735726468627 -0.13294234683701367 0.13341922582256327
v -0.26778325756278426 0.18751517394006073 0.20642444153449593
v -0.1993619625237783 0.2080461565056186 0.2399115064337331
v -0.19931808799187034 0.3852546888043653 0.13208877780960845
v -0.2739350016565294 0.3743073333023065 0.10883903424233292
v -0.23218450653134837 0.1533636884085665 0.23948973354985
v -0.13311837947869523 0.19954161389562497 0.27225005103418753
v -0.1825524364350042 -0.24881489558452025 0.20895150004520663
v -0.1377588264748015 0.09322088852362592 0.28671457437449094
v -0.21421113882679937 -0.003725823419098063 0.2720415853558679
v 0.410693456078949 0.2725819732290021 0.08524296750230387
v -0.17269950572517803 0.15058234695929099 0.2659168158774768
v -0.20482041635570358 0.43081731292472575 0.08506955976686782
v -0.19827944775193157 -0.1631216926272551 0.2544379034264651
v -0.2504405386418764 0.2984903509494373 0.1725653382890187
v -0.21471227005299764 -0.2532334326438383 0.19142802655628277
v -0.18441722979456548 0.18863418013304295 0.253702101055555
v 0.36424437343750937 0.26913889164864846 0.11230506469139516
v -0.1494525205993225 0.20798767568975157 0.2722259088714142
v 0.44149105483021955 -0.041090618466393655 0.11464276449868235
v -0.19747455876005227 0.3427816693136357 0.1700483333657199
v -0.26360199272365653 -0.1750156119529328 0.23277855187945712
v -0.24535122054771302 -0.15695437311781574 0.24348204438585502
v -0.19127394828827093 0.4082225415141446 0.11001383703654138
v -0.19536295890494776 0.28374612119176995 0.22549410230075032
v 0.4041358563802635 0.17140281129370066 0.11937283213256569
v -0.2629622359054603 -0.11578627760387311 0.23312408341466986
v -0.14424702516767451 -0.25093571171004275 0.22619014621779737
v -0.21977307466197907 -0.1401545890348362 0.25761224342808
v -0.16050113223408602 -0.2239500816618442 0.23224733591029728
v -0.2641011583244147 -0.18079386053162697 0.22662114203210826
v -0.2673352732976372 -0.05464240935140386 0.23764453194630547
v -0.13474267581551228 -0.22211678304909535 0.24331385964611174
v -0.2306583219029546 0.4017262656101065 0.10873591343177667
v -0.16524822075975393 0.021485908471734934 0.28963051865582584
v -0.23991530969898334 0.2792694913206001 0.18610128529962205
v -0.1988799594291505 0.2502626542446716 0.23163075283422688
v -0.16422648280372792 0.1670138253264937 0.27006570535774643
v -0.1375368727500079 -0.18642975502222853 0.25477913918494366
v -0.224892090213093 -0.18788915727657252 0.23404513998702126
v -0.1972234599202271 -0.018020770117512974 0.2733318253857922
v -0.22451821187516602 -0.37594011838981034 0.07318265545923594
v -0.2081723364619259 0.024434799668805237 0.2779368763057103
v -0.2085437155560893 -0.33875771527082876 0.12328909862532014
v -0.24531482349665473 -0.3074267357591711 0.1279833015513958
v -0.25917687347491764 0.080971486416865 0.2498650158996796
v -0.22378246839115518 0.07102667894634912 0.2655736026606147
v -0.20144533538408171 0.09513984037971149 0.26786059294491393
v -0.25167478304997004 0.03867871922712174 0.26430764317637123
v -0.1741404820318744 0.09319047654719192 0.27616947457308016
v -0.17493553837871073 -0.3575219269147399 0.1299747671580319
v -0.12699312126372406 -0.024393791156221388 0.29433099591536827
v -0.19791091119643706 -0.04931741438193643 0.269938113592051
v -0.24150924249210987 0.3477116356837939 0.15763947172713508
v -0.15232372661870297 0.13481820594803545 0.2782010897193321
v -0.17511783298848518 -0.30300904040262505 0.1743407664993269
v -0.26358288472487124 -0.055254409188467184 0.2382846413402649
v -0.20844638441706204 -0.34792376903104233 0.11602941846150272
v -0.17695309451366237 -0.23268074515250084 0.2225789170867697
v -0.2180734878528561 -0.33496234275737863 0.12996395440250882
v -0.23117421739765745 0.06778526966027196 0.2665076046788586
v -0.2754807339054313 0.38915190837562647 0.10384020522429047
v -0.1884710866493402 -0.4115576115796957 0.06174696577693467
v -0.1730520350931307 0.06635442921107211 0.27939230266305026
v -0.14378633525182527 0.2485751473484506 0.24560800119141507
v -0.1607918011904078 0.2645322833625631 0.23897827182415174
v -0.23031268026346738 0.22424748711396245 0.21528879903177506
v -0.15986546631595308 0.21940156860845725 0.26103010624297995
v -0.1647423813601338 0.28758989929638207 0.21901418716327473
v -0.16841961434730607 0.433424011587387 0.08955451524196727
v -0.2787378620822075 0.420149272726049 0.07964939014337546
v -0.1981724529930084 -0.13693495923399215 0.2660942238758355
v -0.15241154469365528 0.3332267475367161 0.1842614861614898
v -0.2310544273921193 0.34318768197636806 0.17128738206086455
v -0.20517227790633819 0.29641408122560187 0.20943215426606573
v -0.11202703205354375 0.06130727464542867 0.29584331476086423
v -0.13890313940377724 -0.05672568562484875 0.28625409535523505
v -0.2037856521301828 0.40347739426420887 0.1074790563598394
v -0.22478223426150712 -0.39525734727606787 0.053267248145222934
v -0.17860903768051412 0.2069861634751061 0.25589862452098977
v -0.13678816908061714 0.008839968518163268 0.2950667560468593
v -0.24521606271596713 0.3091620328380243 0.1689004854686531
v -0.15903601190275155 -0.2192453719743456 0.23644243189478634
v -0.22351481920743602 -0.09643126556882836 0.25610362379440477
v -0.24386672839762208 0.3595493845836053 0.145843244699219
v -0.16896111057112584 -0.4266197745369584 0.06588193496763071
v -0.16957958982454868 -0.1933351814375686 0.24494457949794618
v -0.25275203585553874 -0.21059659022447877 0.2083727591038401
v -0.20491676820599053 0.19572745794400373 0.24355206065294951
v -0.22490655799687181 0.2332252805315036 0.21904380328870263
v -0.15338974534414426 0.19397825552377235 0.26849556509814726
v -0.16691338676238007 0.32816827918223546 0.19044030563984546
v -0.21256709736667673 -0.28159793006132555 0.16956483695341007
v -0.19163026866171048 0.3118084388521525 0.19828661630462824
v -0.25406553556013345 -0.3145278616184887 0.12163427812400968
v -0.16702362544800808 -0.43753509756706976 0.05089929210971965
v -0.17633819376621537 -0.04051789694665798 0.2762379297483586
v -0.21465049376114365 -0.20035348830192135 0.23004695546839082
v -0.22978814883706739 0.11163193043597305 0.250824316442533
v -0.2354555548964426 -0.04083233531986988 0.2544590546900166
v -0.19015004389280932 -0.39181619277585383 0.08665678591474689
v -0.2513254934227678 0.39995984255733646 0.10859190703118574
v -0.172217154475097 0.1050501908828439 0.27241772412045884
v -0.20447351379185666 0.2632938591491947 0.2202037639923181
v -0.23661794350304266 -0.22481894242552367 0.20316033241724785
v -0.22084309720125544 -0.09386609842773003 0.25902192367613486
v -0.2115665069222032 -0.05286957435030517 0.2626689000174276
v -0.13691647875969842 0.05952502514469375 0.2906579625960096
v -0.06343097040033874 -0.22124881905670662 0.26730465027999073
v -0.1178308422090585 -0.0069186747115421166 0.2970372550860401
v -0.1492178350345208 -0.4283987046340795 0.08299882328581179
v -0.0837579358549777 -0.36487676308600514 0.1897277244503376
v 0.36504210306070695 -0.049520096174840475 0.18619749046871606
v 0.3571304206277309 -0.06832035936214542 0.19704433028371643
v -0.07199201336525216 -0.2868743940969151 0.2410442048109998
v -0.05427131694497277 -0.07789245571205572 0.3005212977005547
v -0.0510172295000787 -0.43571004243243433 0.09809671922677517
v -0.03414574855565114 0.06531318453754288 0.304536951468136
v -0.12408514988009027 -0.22840903686764838 0.2435084602396014
v -0.046710713574154836 0.08283773083077312 0.301596281337143
v -0.08534344216789419 -0.35258037596799763 0.19527191751740403
v -0.10974496480632905 -0.15199631885537032 0.27195061684629473
v -0.11947913522256134 -0.45521765750579607 0.07626657478761115
v -0.09751455356512498 -0.43813734220357275 0.11315234452027292
v -0.12233936055086654 0.07263224874671256 0.2898064254413518
v -0.038079810648658965 -0.2600334014945671 0.25203256070487373
v -0.07748184686514799 -0.21671332021512354 0.2641847994343687
v -0.09439669189595781 0.22843337458999408 0.25821471933229506
v -0.021666077647903417 -0.3187868754376491 0.2089297611648944
v -0.14138475154297372 -0.048027604367451834 0.28842055698761104
v -0.05725451104903054 0.23896535791972 0.2546524662591435
v -0.029196657970183476 -0.07713827524839673 0.3083455340135715
v -0.09915244915433465 -0.04801277575785294 0.29787860064675065
v -0.08388363705018614 0.395490412978655 0.14227172782397915
v -0.15053781776960837 -0.4420896427092105 0.06125278325299893
v -0.02870179867232915 0.08303788898569756 0.30499886963333855
v -0.062301217010861776 -0.36088170238611667 0.18549354481004748
v -0.054176802152517745 -0.23449037999128594 0.26545294128502706
v -0.013260901480308257 -0.010530249453599736 0.346360749890555
v -0.09906230795305059 -0.32031958686131545 0.20740931454596073
v -0.12083238307049275 0.1567225129714618 0.28249027491191225
v -0.03979955289792317 -0.14409438705355937 0.2934279757966435
v -0.10402709564062976 -0.22067093440303653 0.2555789127058167
v -0.0766024981124629 -0.30903215388665894 0.2273827656455887
v -0.08150307296844692 -0.4647964445399754 0.0662922713095933
v -0.07563054840585917 -0.05544562326101773 0.30661679252905283
v -0.006562098891094714 -0.05314679440228607 0.3112737637320021
v -0.09256291071576106 -0.4064099121188189 0.14869496971803425
v -0.08840703664211563 -0.4879613263601037 0.04352135918509604
v -0.07435831938271223 -0.03304690563133637 0.3073648289013552
v -0.0336857719712243 -0.3274350791882387 0.206243788206149
v -0.10545455039286819 -0.0695683060270193 0.29647288976470376
v -0.015117333021592308 -0.024108250469094962 0.4235008277075498
v 0.3780585749085559 0.03456869736634585 0.16128542732504192
v -0.03749041483996829 -0.38429592447367805 0.1557188515858038
v -0.0594223469745014 0.3602797803269785 0.1741652827697761
v -0.07058640282709217 -0.38854827718442264 0.16051245501038924
v -0.1309765992919408 -0.4463895896775544 0.07528985792814968
v -0.13149066411498225 0.43628446307477603 0.08873892503613628
v -0.07740565101919145 0.21195992372887398 0.26918877238244365
v -0.05953908393573008 -0.2444611691230814 0.2645063982610264
v -0.12379989490077455 -0.4678100273492048 0.059135734639385526
v -0.1365917147343137 -0.19061353345669618 0.2547178710693128
v -0.05616431438873261 0.33633561217949676 0.19427263376406728
v -0.11683509982065993 0.2706542618863799 0.236842505588792
v -0.027024223117111293 0.16902566494113064 0.2832007271483131
v -0.012156865380882037 0.15234938673014897 0.29307314689409747
v -0.14357620533729354 -0.32246234861472406 0.18051017772490802
v -0.04065689370834939 -0.1665348959260644 0.28546837051044105
v -0.12408360259536445 -0.1655403404170931 0.26633271063829944
v -0.07750278979206676 -0.2724246181939948 0.24519279625633708
v -0.1285343348299891 -0.3223698451751272 0.18811360425006768
v -0.012067795831156553 0.0011747274536387242 0.16137176712948892
v -0.07953600888262931 0.09987994178070705 0.2984571599746895
v -0.00634744610665447 -0.017069248780653832 0.3082072872556368
v -0.02833803698437022 0.03414795946422153 0.3108482429878443
v -0.02986144935830977 0.26863655596544467 0.2470170211663981
v -0.1524570654179674 -0.07331031374656857 0.28238947557766647
v -0.05512016343416641 -0.4526108015870568 0.07906366258680123
v -0.1032713061552817 0.09203717650470228 0.29330715665885565
v -0.04735773529786377 -0.41307261908165294 0.12613693245674928
v 0.34770004733036275 0.02388506591508452 0.18792983022518334
v -0.08063592287833701 -0.011523929994967777 0.3078208287009121
v -0.05311939424508812 -0.0068972031325452605 0.31450278274470006
v -0.04073222421337433 -0.2929392682151043 0.23085868137547355
v -0.07416671283251593 -0.2556094761663225 0.2535639952539151
v -0.033032642547805316 -0.23481468853408438 0.2624616893434975
v -0.039415608007392744 0.4161010899184373 0.12593388191027527
v -0.09277387500478583 0.006328988476044063 0.3067432167737902
v -0.10862505562685079 -0.12065688913974959 0.2840223389117451
v 0.28033316356210636 0.1749156248635649 0.22683649508489812
v -0.14454402372802672 -0.4167792677359769 0.09515640059928009
v -0.0036749202206580733 0.014287692499963364 0.31577441112123994
v -0.014569296674896426 0.0723397547121333 0.30487413889035564
v 0.0048681583348129664 0.0911680211232084 0.3040313869778537
v -0.08125147456988996 -0.16843408589841907 0.27496496505715295
v -0.045828850186857215 -0.19324346543911017 0.2784132938185868
v -0.022723137178620692 -0.3500888153313977 0.18346300206757638
v -0.034645269108700374 -0.13888965605363296 0.29197409196151036
v -0.028824128190899148 -0.248511401104772 0.25417013264372185
v -0.026436519370989023 0.3797838179540763 0.16801071647647006
v -0.1264433400477107 0.17085778648125813 0.28458077011111116
v -0.03248680064389907 0.20487644908292107 0.27474818454082317
v -0.05856349746551684 0.11756662007039068 0.297395055059836
v -0.012902153779916548 0.4606789004654002 0.08755243728115097
v 0.011198406149046297 -0.21611778154726152 0.26289875261110696
v -0.016642702982457194 0.015183974684029947 0.31519409941213283
v -0.04953993420549829 0.24247452571732325 0.25674880658499166
v -0.0067702567225297605 0.04104955688915868 0.31434977712420686
v -0.1092824250586978 0.3270167882699041 0.19432406248920675
v -0.06377540565646918 -0.267349019981856 0.25554803792221414
v -0.07692720193537819 -0.3314050146586437 0.21613509777254997
v -0.09520310583465035 -0.14062387664775264 0.2801971716549568
v -0.008837292557887538 -0.37381304259849557 0.15809213369516978
v -0.062239426234778836 -0.4339333848285358 0.1053341504946282
v -0.10630967272584835 0.3491576903283935 0.1766453282466825
v -0.08437711112342287 0.08579124109551153 0.29850493704460535
v -0.1351885532952107 0.21483955098968968 0.2677823283428301
v -0.10118808201974522 -0.08016745664211558 0.2950391716057389
v -0.12502887541989707 -0.37627476601768417 0.1493567971161246
v -0.029581629965767076 0.3127563768886429 0.21558168169904293
v -0.01767567772619616 -0.013593717945008996 0.42094021800736503
v -0.012891705402972659 -0.02003742165372543 0.3327567700517701
v -0.058561594102767386 -0.2577639465497379 0.2569068928249153
v 0.31815065522907593 0.3244405979562669 0.0940572491646194
v 0.006069740704340243 -0.2634696560249659 0.2400338918217505
v -0.06970613429287834 0.3035785852078508 0.2193971973391734
v -0.1004257893287959 0.2994208617623444 0.2153781068669139
v -0.07077573067492704 -0.3047660506188431 0.23463122436781564
v -0.009962122167861465 -0.02355009801056939 0.3224276159360795
v -0.05533207928528691 0.35150671896094055 0.18679634799403566
v -0.026534709974747064 0.2976632428795617 0.23047781036952425
v -0.05858080756524099 -0.17959397188783724 0.27918621020043466
v -0.005391880856450024 -0.013340318692344592 0.26850122060718645
v -0.11382647922545551 0.37800829873968605 0.14903745769122498
v -0.11171065475598291 -0.2653168837998706 0.23400154861393285
v -0.06264881367865059 -0.13046815080187837 0.2877358109561115
v -0.0727336673477474 0.45038530770356594 0.09160638160423241
v -0.06535759888986066 -0.16189507346655754 0.28300185855302445
v -0.11228154318171497 -0.3364834534348232 0.18786281113857878
v -0.10539391709349892 0.31602844515677814 0.20689272471594602
v -0.016308661268207778 -0.0014642799569030713 0.19119793567248008
v -0.03800397478979178 -0.09039853445643992 0.301319548261445
v -0.06295103852112467 -0.07473503905323206 0.3023488280678265
v -0.05806657895143284 0.18858080169693794 0.27792738716342835
v -0.02370095188093968 0.1286964408325792 0.29303563841182956
v -0.02177296546207133 0.10905688807196634 0.30077133071909967
v -0.0367055265535325 0.2623590798321823 0.24510364132112153
v -0.06347927541487315 -0.11309650659043394 0.29343547203484777
v -0.12931552399753868 -0.257716325907207 0.22793982165743937
v -0.09974158335052566 -0.10787414358510111 0.28645753257065504
v -0.034571508659455685 -0.035658045753742186 0.3163670826463467
v -0.09901495338978432 -0.48915274508209844 0.04083739455287739
v -0.022334072294985352 -0.02131457256674646 0.4288942711521248
v -0.09053095994115422 -0.46863137620034034 0.07098884328037115
v -0.03287599022589051 0.1760769708050786 0.28377966074893046
v -0.07898160884446664 0.44430765917699083 0.09101952705608148
v -0.05739410364646695 0.04472182362253545 0.3096261463677513
v -0.07863707112440523 0.09343162173938929 0.3025432064980126
v -0.08481829101103242 -0.1366377488666399 0.2809558412332397
v -0.1032532336754986 0.13977627891716926 0.290047421974981
v -0.12831524587387344 0.18349824504454507 0.27706148043200185
v -0.047873518094505976 0.174254717805019 0.2796854161283744
v -0.10746441986179298 -0.4933073778021624 0.045336453779846186
v -0.05890099484374858 0.06645899027528154 0.3043664442651323
v -0.06633183566688186 0.3796958974247701 0.15550137172212652
v -0.04556225582482114 -0.14503634505379054 0.28964168977920957
v -0.03382884329083827 -0.28150970558049265 0.23651971057134014
v -0.03399780669277239 -0.33595328113750444 0.19762458443504877
v -0.0398291308877563 0.057523224447704996 0.30920198328715975
v -0.1342954649452545 0.40291624989041835 0.12116918021283182
v -0.09261595013007563 -0.1769710778292876 0.27160574751158745
v -0.04734539373123137 0.155102752926161 0.28814577247004936
v -0.051299632066760845 -0.19970662775491227 0.2789348973024321
v -0.04838671774380893 -0.287636935246815 0.23823457757041924
v -0.007113926724870823 -0.051140201873497104 0.314322293906778
v -0.008978048933920138 -0.13524091010372 0.2917553801282364
v -0.032151522505830754 -0.3619783880386154 0.17647920885369106
v -0.09781864354273596 0.1248397616227242 0.29629568555307717
v -0.09606461316777239 -0.3599177608613286 0.18371728706965534
v -0.06379465273593019 0.2720821120827333 0.23977705639640284
v -0.1047573937569521 -0.3046586620436238 0.21549404248762977
v -0.022853325376294586 -0.10539303157765845 0.29850393174734013
v -0.1326869936572584 -0.35267713456664096 0.16384756627538566
v -0.012732181770249859 -0.18003312856338077 0.27698253521142246
v -0.03756968215634374 0.2261349974309037 0.2656913058349538
v 0.32881331452121343 -0.32808292923454485 0.061414549444811964
v -0.011727148274198948 -0.0069678715160688895 0.3117395457282073
v -0.12064225258468549 -0.18639729023928087 0.25896006480736056
v -0.05885422739418411 -0.27674814981872337 0.24615069841789677
v -0.020245304032087713 -0.01882244019106939 0.32348442248776493
v -0.02132322048861386 -0.009477113439376305 0.3231284950937842
v -0.09693796434728238 0.12334788366243071 0.29083310995893297
v -0.017225176037238776 0.010538777487028776 0.3198117994943772
v -0.007962316208584591 0.045633845364915576 0.309836031599095
v -0.011136677378687579 -0.009008509574356383 0.32487211772342955
v -0.009539403288288437 -0.014635049646775044 0.3416118818541728
v -0.018733056011511998 -0.02027331498239087 0.36022441036593456
v -0.012104657166545324 -0.019134633693036883 0.42518284831044945
v -0.06133263573948777 0.14192037481828365 0.28856676059696806
v -0.034560990239027076 0.3281540270566185 0.20835955189034805
v -0.00912456975536631 -0.12328263383428606 0.29264523462771985
v -0.09571963046769427 -0.06104345192948838 0.3024027350606021
v -0.048926600988866656 0.20569778719598597 0.26879513609961814
v -0.020474306591206262 -0.013022020887482166 0.3560125376975124
v -0.14237389662758781 0.2362934659508779 0.2563673666760921
v -0.12341512194759649 -0.0978610976760797 0.2898329361285817
v -0.09635875805242344 0.3601235176282231 0.17260959293922695
v -0.0753960325987211 0.2816292941863872 0.22932295546395665
v -0.07085742275151728 0.022195918542972745 0.3086451213936354
v -0.11273016837916412 0.20202191075850975 0.2701858906023312
v -0.10507556525748452 0.12201696925345684 0.2918219800027605
v -0.09658540855188766 0.23173641062368672 0.25984146350620685
v 0.3007178928420807 -0.04735822678622211 0.22805615902518764
v 0.014246009020637829 -0.09990921032993791 0.3014915966421382
v 0.041090369902580165 -0.2632782894805312 0.23860786878404697
v 0.006497068994145733 0.0010952248867061205 -0.2925759770469726
v 0.09392536893374165 -0.18956776397047637 0.27932542498582474
v -0.001441916120540232 0.015981846518197767 -0.2770766603015193
v -0.001993830511791972 0.022133049860165056 -0.33576332718394497
v 0.03451765852845709 0.05809516883614916 0.304259142346022
v 0.006026358540566462 0.0075711661502578294 -0.2747401661555008
v 0.05386312604056023 0.2509270735597766 0.26870186881073443
v 0.11618367005419794 0.2907494617943495 0.22742461394868116
v 0.0953674815524112 0.4898670840475383 0.08798973650361994
v 0.026572599948333442 0.019303455709811526 0.3120422798284884
v 0.06875296608704487 -0.3169759436863168 0.19887370119221265
v 0.11640688140169186 0.29503273151712744 0.22017148989613003
v 0.338902653934426 0.2620236278406291 0.14309401447403602
v 0.36257435487174783 -0.0888039267309974 0.19214933837836645
v 0.09063813368458026 0.08066556789832843 0.29976529894577086
v 0.03658435808863203 0.08501892552580706 -0.41850722955232184
v 0.0594939218238357 -0.09736745179296202 0.29563706126306466
v 0.06340257639291005 -0.18864683022082862 0.2742822922248175
v 0.06655216087707336 -0.35936326480391245 0.16271403701545858
v 0.0927190401060593 -0.10195266074417705 0.2871404927636779
v -0.017908767745608248 -0.3090679187634891 0.216689782992773
v 0.06280392648500463 -0.15986690697642178 0.2848090559904696
v -0.0024939028317240153 0.2356753281235193 0.2643153786012064
v 0.07909258354770671 -0.06305403464551337 0.3002804166564543
v 0.018809664541334953 -0.061003190663564 0.31084572195975263
v 0.11585882985128426 -0.2895698001673697 0.21947708953782483
v 0.09314999912090838 0.1987129330489351 0.2689919184063048
v 0.10441111897598465 0.47596542707163153 0.10287873080217008
v 0.016389008205166894 0.053193811837754866 -0.426694343041037
v -0.008965720890898407 -0.35869732972316326 0.17299331128301826
v 0.2642794233257686 0.0017823856376215173 0.24174259529484143
v -0.002016886838621612 -0.016698097701157797 0.15979717652671918
v 0.11416465716833638 -0.21954885079999198 0.26457279363864306
v 0.02373317508571482 0.37481649401327116 0.183450587040985
v 0.012609661890971485 -0.23248315450418602 0.25423780680356
v 0.029803883529503278 -0.23524913255919727 0.25388341600367703
v 0.01733002289351185 0.4606365543566561 0.09340734543769334
v 0.025944604944382915 0.3005539160949156 0.23988388020153598
v 0.010360889242745197 -0.3546075367596881 0.17513627334513518
v 0.07822168130084156 0.21245486723373952 0.2740030548664555
v 0.10041665904241154 -0.1283381611342939 0.2845737142141393
v 0.09964928832281511 -0.3679051996602076 0.14976274766199438
v 0.04653712345037603 -0.16185032492822507 0.28185167952422574
v 0.0571476653858973 0.04525510611191499 0.3052643039196805
v 0.03619168695471214 -0.11511610240529671 0.2965883701685801
v 0.08312914768936264 0.2620943220348298 0.25532043824449685
v 0.006900086224663066 -0.0407964041321135 0.31321287317306445
v -0.003382260112940419 0.005892431852741669 -0.26419660161627556
v -0.004546331848343743 -0.0028909753406274434 0.14750372967964487
v 0.0524819477878421 0.04290418328809837 0.3094386796026336
v 0.1099609878065465 0.422571038405944 0.1367331176145633
v 0.08663405955792053 0.39138664378313476 0.1769816830025839
v -0.009075525912609142 -0.33444612608610397 0.1944516945308405
v 0.08750330518337118 -0.24841231307683131 0.24952801974047048
v 0.3583090561615525 0.28383161373533267 0.10533298872173692
v 0.013248807812906854 -0.15214687440339802 0.2833291268143211
v 0.03794669195256861 0.07965275461858073 -0.4288942711521248
v 0.029980529905123038 0.07217729885423957 -0.4181111367496253
v 0.059068434510295864 -0.027211946426748727 0.3068559468859927
v 0.007164267577866312 0.022126994509830966 -0.32188506402676076
v 0.01895164108218486 -0.08074285315596647 0.3043905058112216
v 0.07693500864470529 0.0402663928800302 0.30429083577688243
v 0.036250219351934676 -0.03602604715180413 0.309017654370247
v 0.011976814395791485 -0.1941806340449473 0.26917752738080025
v -0.004847200820065206 -0.16698781046163716 0.28202272059302647
v 0.28354575403542326 -0.40246958334296845 0.055994393115049
v 0.07050426702153853 -0.2816659985846428 0.22503949282849578
v 0.0009322985193017941 0.02099347501248782 -0.2788903116703706
v -0.000484160619747126 -0.0169515583098585 0.19377337428426208
v -0.0011317605301852385 0.013728261871460718 -0.23650209388832416
v 0.011986703293556528 0.0494435586945556 0.30810564119695266
v 0.011196428005364273 0.008949012535874039 0.318274643849325
v 0.1172626095477167 0.18036272458329294 0.270692707252296
v 0.003502118873172172 0.0038634298524190206 -0.19387584189275064
v 0.010773127447372383 0.014759204343612874 -0.27855154133495247
v 0.09513625258010977 0.4764615488845116 0.10560275943273155
v 0.032502932433357695 0.16248916656179452 0.293053448775178
v 0.028061280004975875 -0.4575132817471959 0.054201644261452755
v 0.11504138919905893 -0.27729512278830376 0.23050996590326067
v 0.016665300075744294 0.11853810826649658 0.30466058893909215
v 0.08265098495512052 0.0034508252796047858 0.3035311961287359
v 0.016947129022086005 -0.4038436349466793 0.11948477184291531
v 0.025196687412324947 0.1664597247617734 0.2925712434779648
v 0.027191757942986394 0.16306418962036232 0.2975149684823172
v 0.0757619908836002 0.373122092741805 0.1928616000604204
v 0.13907671050403228 0.08115092784759939 0.2914408364773965
v 0.01695542496847091 0.2200713266662001 0.27894462716874746
v 0.2871716999811049 -0.2180279541255304 0.16770317852949834
v 0.09657817667532123 -0.3305112460055921 0.18588557371609454
v -0.00035775450355343685 0.006171098494706577 -0.09836288578022453
v 0.032313099485489855 -0.29109089689870304 0.22180053888566972
v 0.04154267600590267 0.06101089141467994 -0.4143134385317108
v 0.012095142287000538 0.41581052610832187 0.1366784695993558
v 0.29933001379565294 -0.3704388852354995 0.05848163512715911
v 0.26464200505847935 -0.26664459566265847 0.1569652396649967
v 0.01890291570913999 0.05340942237485657 0.3108787608050512
v 0.35491889665035536 0.09193657302378774 0.17483594494486032
v -0.001771982096638175 -0.4647746195602712 0.053404596619470265
v 0.029147969083084313 -0.031499761511835096 0.3138655932636013
v 0.02099436245294642 0.1316583856902707 0.29592915684229093
v 0.002107133795999916 0.37760929596927795 0.17093106625468618
v 0.07947304772580044 -0.22567664619710898 0.2617734972353794
v 0.011882516111344832 0.12008572983488772 0.3000119027633606
v 0.08753323287318163 0.05192359191556644 0.2988932034527052
v 0.07559150760977729 0.3609803534395713 0.2093459363815583
v 0.055070732779086806 0.0751876477461624 0.302854995239792
v -0.006877363736086536 0.007381369514368006 -0.1706618858340213
v 0.09952140038020926 0.1664040801047908 0.2787122472056239
v -0.004435068116155294 0.008817571327994086 -0.1321217330816931
v 0.06510494351745577 -0.3057139879894935 0.2099235140497919
v 0.07458185083747215 -0.07248547197488348 0.29597376176750706
v 0.0327949465259533 -0.254217152615949 0.24187100259658453
v 0.013808375992304056 0.03309145354461901 -0.4008983276379134
v 0.0013714890434384508 0.0011526245559271946 -0.11627189108025077
v 0.014040421306746431 0.3053986149474849 0.22929892818326766
v 0.06401398699245045 0.43578491445307493 0.12951095614342925
v -0.011447338303158638 -0.2793083159772649 0.23526138486930812
v 0.0749094645855887 -0.08578030188997704 0.29633181678929443
v 0.03863915267789317 0.20479480440026546 0.28092592102477937
v 0.27206681466775307 -0.35658335743162795 0.09218137805607501
v 0.07260972177756486 -0.025207742621172563 0.3080699590114318
v 0.011157585976160955 -0.24830093987634233 0.2488888366558969
v 0.25685804283179625 -0.20436792734287273 0.19512630415610777
v 0.30682038858912186 -0.03064145699111065 0.22583025004813606
v 0.10090067374142589 0.06521548248073131 0.2988368171955772
v 0.026084376077998045 0.05070801353489081 -0.4124707698912412
v 0.34850067723876543 0.0395360862550096 0.1797827220068608
v 0.051181672231457837 -0.12238612677491023 0.29799746802419463
v 0.027492601057000354 -0.34942930765857155 0.17566277384800583
v 0.04738104800831247 0.41108597561814403 0.15001098514469113
v 0.0198369746972126 -0.15903295483304022 0.2836831707153677
v 0.013899036638687634 -0.307680792706487 0.2110642377022369
v 0.026541418141932588 0.47057899839324063 0.09150141397338274
v 0.1225629154744313 0.017796996131470677 0.29431401859535844
v 0.09433015771044695 0.42569040909658207 0.14524331697975779
v 0.033722189147746356 -0.2017424669939157 0.26845089617540696
v 0.00032225856754541926 -0.0009975409482834846 -0.05252636360406393
v 0.07887082021174144 0.43497099728202415 0.14224121500973885
v -0.005133340417473306 -0.0014744367317411737 0.1943188983728544
v -0.003625655153107185 -0.0057541110070625495 0.11111398369219323
v -0.0057127226826192146 0.01804917879546514 -0.2808119971163943
v 0.03101056473335964 -0.009169805027564284 0.3149165915083352
v 0.06235480254992179 0.19250023938406727 0.28343214858929056
v 0.09563417176411035 0.3309357796973937 0.2156045227998865
v 0.052730599970053416 0.2676905342671641 0.2671337447488771
v 0.07559650307532004 0.248237752038719 0.25943275793206055
v 0.03384186093799954 0.06842547961990096 -0.4131262872667696
v 0.11576750574138148 0.1366104177907032 0.2834474281163915
v 0.07879576110291142 -0.2568803083341543 0.24167220071571183
v 0.014648543146852072 -0.11581313223213241 0.2939110352204696
v 0.008916471108837282 0.2695189161685194 0.2504588832983581
v 0.07415290277811576 -0.4495203771155392 0.058357567074874495
v 0.10242273359666768 -0.4457221601722597 0.05622828080088457
v 0.05610137057508913 -0.33480148728850995 0.18626441731942467
v 0.06205955314869552 -0.3901057950055776 0.1284403877884918
v 0.04518794623256264 0.017282391063552865 0.31270687886279663
v 0.060726464589156315 0.2788887135022874 0.2560956185018774
v 0.04006660333689743 -0.29344552653719624 0.21786752562737804
v 0.07835783943757826 0.3530215461448474 0.20845931483215505
v 0.0934112359232574 0.44444617881750664 0.13657571843704874
v 0.008290340494274961 0.39960428241528984 0.1572356362169682
v 0.023119308059268567 0.3518835932358379 0.1973125784649814
v 0.004029665354438494 -0.013647511727385837 0.31473862769674155
v -0.0070339615751143225 0.007276722255048302 -0.3608395489958425
v 0.01640585443103104 0.001331489834611654 0.31495745768472627
v 0.11612110265740391 0.2226504873034057 0.25311153459527086
v 0.013003133513216691 0.015929249502733656 -0.34861106424906
v 0.2680959650596978 -0.4254240457043846 0.05922159769322623
v 0.021931949652971405 -0.018687564128193144 0.31378040502596183
v 0.08517144965401 0.29844086772810274 0.23838850028459638
v 0.03670520594777718 0.43880581661707174 0.12547815293953937
v -0.005198112968585883 0.019102435658821516 -0.3945512904244499
v -0.01033631311486008 0.0016384108663220842 -0.06427565516696726
v 0.12478528232992783 0.17983234245344568 0.26460698640308944
v 0.09561316632668845 0.48841464602762585 0.08317044390457919
v 0.04634689754825974 0.24123181901717322 0.27888529378749854
v -0.005346099329982687 0.009594141714159765 -0.2477383537249664
v -0.000807049926429243 -0.09744433803258176 0.2987274210722296
v 0.050714290594209954 0.114465424260005 0.2947367298114748
v -0.0022881486585576982 0.0030607680202966005 -0.02591538010941509
v 0.04685258946492893 0.4152868989870073 0.15156533711855813
v -0.011238791798684422 0.4307273109704439 0.12244587852265265
v 0.10477184275113055 -0.04701869364483639 0.2984818397850212
v 0.09359346171984084 -0.03473672751758932 0.30208798946776294
v -0.0012757041195978203 -0.003509812608779519 0.008797926860755895
v 0.07152066238383348 -0.03521829841138556 0.3077598053796248
v 0.004311762412389508 0.010827035312953294 -0.22167179457179648
v -0.005544227837938107 0.34792107890858 0.1992160617874385
v 0.06931748145323544 -0.14080150996072138 0.28922089255904576
v 0.020999865365694786 0.11541579849156092 0.30096957919342443
v 0.03517163984316757 -0.428780309083613 0.0872895121279626
v -0.01910091429145247 0.4598925832489215 0.09271456815459667
v 0.04528711825509599 0.2155043793339254 0.2812653483559514
v 0.052796037237819615 -0.3896869325100563 0.13190127911031402
v 0.03417776180695384 -0.37358388066821036 0.15112772254855492
v -0.010071778151018021 0.207812311972403 0.2739838394123435
v 0.03594073876653425 0.4701316817135723 0.08768489718312626
v 0.013049452201681327 0.0722816255729973 0.3062627069321683
v 0.04639893166434991 0.25219095401153424 0.26929352191706324
v 0.08329929577960044 -0.39129014117524336 0.1251729822080968
v 0.09166408524135333 -0.22072521760980574 0.2629734449456659
v 0.258765583072036 0.3092776391157474 0.1385356015847403
v 0.04763563183146821 0.34478139756685494 0.21425732878205028
v 0.01614586832702858 0.17890823420683688 0.28713171513158964
v 0.038093086999236025 0.2050402238282153 0.28847014016899764
v 0.07138957997310513 -0.15420894687010928 0.2900512987401911
v 0.1101812369954224 -0.012365018889751327 0.29522129259742885
v 0.09862432588345213 0.1119399337951342 0.2876419764752933
v 0.07840632682753473 0.286551308496158 0.24290603776795527
v 0.013090823267542656 0.2509501345866252 0.26500505371667427
v 0.10161853864811671 0.030297366512008466 0.29708866560286473
v 0.0985044676903569 -0.0069167085603722735 0.30055148043251145
v 0.13114440541510144 -0.0663742510563545 0.29295206118026107
v 0.2518075210838193 -0.30350254777114555 0.14540668620041247
v 0.08093524757006035 0.466461889665818 0.10083434469385581
v 0.15013205022236167 -0.35753836462616767 0.15607631034669509
v 0.11249592463864919 -0.19435174359961488 0.2694461727020807
v 0.06761528719662593 0.39624345834919067 0.16924996714112603
v 0.08527122806268378 0.3987645210479847 0.1774232341159942
v -0.002620646722283515 -0.4002964277321343 0.1301663393678204
v 0.09357904390090391 0.4554283859836953 0.12037123835616634
v 0.06260549111688479 0.03598609986713923 0.3103484011232355
v 0.10007793275422563 0.4796773467962095 0.09683628250580024
v 0.00932404766258832 -0.38700343206925725 0.1403054869023179
v -0.0023720484540929454 -0.011079502810139724 0.13468334127781836
v 0.08095408590538772 0.12614411832991693 0.2869678836639783
v -0.009815135797087648 -0.0019622289234081224 0.13648719137451995
v -0.009904417281287964 -1.7857172276663016e-05 0.059410717195652565
v 0.023724553314555308 0.32212212497546516 0.2248412604637247
v 0.04824434689313606 -0.22713706145038456 0.25648374417360975
v 0.015578526589637431 0.015058082857807256 -0.4029961994686844
v -0.005045887760770071 0.0005996007968339986 0.04411320982690435
v 0.01517318964044348 -0.3207906374511347 0.20275963481367365
v 0.08215597834866606 -0.3581276013712227 0.1607376410812078
v 0.10965077172618806 0.35793783756647557 0.18562204334431287
v 0.06921658882264628 0.07965367706848572 0.29691143367148864
v 0.0008070806442822265 -0.0065613307320713694 0.15957741087602517
v 0.0969807522597747 0.11722273086146284 0.29033235424975745
v 0.1091065503070151 0.1486396858350969 0.27632754418407846
v 0.1361556688657287 0.10724690372668785 0.2907990911303165
v 0.28340752723803364 0.23504156621597108 0.1910377433899949
v -0.001930087319136936 -0.00338679294982986 -0.09021891662242212
v 0.055949529936957926 0.11481876835445595 0.2972323908799621
v 0.14104008931198594 -0.11879013943942152 0.2724754148558421
v 0.10374703011370678 -0.2380224463399703 0.2548160333932544
v 0.06658193144342112 0.2089750367266201 0.27517548571523065
v 0.0672965904426446 0.4399706227170942 0.13247127054702135
v 0.07255108548756925 0.14981958494666806 0.28841023415519207
v 0.07026532944794503 0.3466949432711126 0.21380099659319285
v 0.11748526782188762 -0.1662003889831193 0.2744018882536703
v 0.06726908511047539 0.3249533007685982 0.23557336930252545
v 0.10741034619582707 0.26364956804166156 0.2398478979857845
v 0.12139091701398225 -0.23148335887690535 0.26367397235323803
v 0.04057610791067551 0.448664511520254 0.11003141521182988
v 0.1194967687667961 0.0451768181082005 0.29700237152917464
v 0.08939689362702588 0.3173373797139264 0.2223348355235306
v 0.11267287850129998 0.07197618036261072 0.30112040853427124
v -2.766407123072634e-06 0.025390844280498995 -0.38761966835037986
v 0.027817900957262776 -0.0726773654004142 0.3049417116970936
v 0.030402644863334355 0.03673419208243059 -0.41971124417968736
v 0.00531361553778173 0.036831108182052576 -0.4163400864001691
v 0.011245876858106046 0.007627718871522824 -0.2820483212861366
v 0.01203808155177677 0.008201347900086819 -0.3907122431338661
v -0.009836045673242533 0.007520442432134482 -0.28482187622932087
v -0.008184935742860514 0.015387777099759912 -0.3182883116210055
v 0.009311743555055707 0.024226558003223726 -0.3834764339446735
v 0.01501013276743346 0.021017478696882436 -0.3904966108463729
v 0.10990906631518971 0.2248123705964186 0.25864118569135186
v 0.30794575874224017 0.2509088503397096 0.16760711643038628
v -0.0075529924595477416 0.004271500915205958 -0.03960970314959446
v 0.029680453528860645 -0.1827040569861513 0.27350787504941876
v 0.057736182969306715 0.28764120448770736 0.2579048404787737
v 0.030812077022565942 0.220176824737727 0.27781092058857826
v 0.01851356979119903 -0.37848805407846414 0.1503533466443138
v 0.06083500085800772 0.0017107240400707187 0.3053631642293585
v 0.0208008755156108 0.27742839721866447 0.2530504051103782
v 0.08645220524002006 0.4330392514435731 0.13994834092475814
v 0.11225320971347943 -0.08852056725248408 0.2861642814251044
v 0.11624066586417905 -0.035531293096525494 0.30097467570450714
v 0.09454659786750058 -0.16894294807069032 0.2786956986027148
v 0.15160507167923423 -0.0575924662711871 0.2899620020072723
v 0.04440596187154458 0.08715119386048789 -0.3991595122232673
v 0.284595781164262 0.13987046840565398 0.2230093452959387
v 0.1399129325618235 -0.37558913109618286 0.13574562880223154
v 0.1773477160192007 0.11393873655490036 0.286459507632881
v 0.26063392440160205 -0.36938116336403254 0.10102715564972974
v 0.051623840333594795 0.06909011091006316 -0.4210705405244743
v 0.3592717574915344 0.18258841847065002 0.15762811902845744
v 0.04639193685280474 0.09927866645372399 -0.34700104907958024
v 0.23077345225067217 0.09686039286203324 0.25703386945751994
v 0.24741108591790753 -0.4182626429484544 0.0724683099969868
v 0.1616518939144226 0.3638705307477018 0.15583013851150762
v 0.1769108955105039 0.23506708799355797 0.22550425798004123
v 0.11002647488379991 -0.37102125000970954 0.1433754551308155
v 0.16038630928733785 -0.2154917494454541 0.2441485822505366
v 0.2918458735071292 0.2765263529935344 0.1472787402863938
v 0.12202961555789985 -0.3931230911094507 0.11588465999345245
v 0.16790245128971196 -0.19738349093606147 0.24532727551347874
v 0.13239758461618614 0.40233620462342 0.1377096984113622
v 0.1631293320652952 -0.1647654149224625 0.25517417311976476
v 0.12534303121846616 -0.14356482395459233 0.27222079142403377
v 0.17674458479608232 0.10343043833167884 0.2815987289132581
v 0.20590490333357805 -0.415154869379425 0.07807667774151751
v 0.13692026767580642 -0.05110101022421507 0.2910344300342522
v 0.19477817858852534 -0.3930615498937076 0.10780485507382995
v 0.16868478283174207 0.2123089815517406 0.24454697118317192
v 0.17895888122326517 0.16427868747010016 0.2602742420302607
v 0.3267999410862321 0.1766891039354686 0.18839505145143515
v 0.25854855542981525 -0.42959138524866736 0.050909391439558874
v 0.2980924892691884 0.34001023482700604 0.10003054817708179
v 0.139682099050675 -0.20603714419778674 0.2597673434861242
v 0.15213780473632313 0.26529023942213537 0.21991037281407771
v 0.10308423107019257 0.0032427798537395212 0.29543272541542076
v 0.16006866374839188 0.43974162107947484 0.09575029151624524
v 0.11204192952168132 0.354428429385496 0.19165505094681567
v 0.15425916695077982 -0.053940778758887635 0.29408653393928474
v 0.05438095997987791 0.09722207235756278 -0.41427073361468947
v 0.28441067005075993 0.18408534633220497 0.22940490984302037
v 0.25216711101451705 -0.07178790924479336 0.261745433218994
v 0.19266756634400337 -0.2594332910296845 0.21088611961740308
v 0.1560634721744382 0.052770355056646547 0.2872727509219337
v 0.15677276722456754 0.3285123318550936 0.17919841117334004
v 0.18367224556628117 -0.07902955619604676 0.28037668740822413
v 0.1720603130213795 -0.08770161435507831 0.2764461742351671
v 0.3038828208227312 0.17421933142761106 0.21317260867781126
v 0.22552231550154853 -0.0826424404358719 0.27053551325558056
v 0.14943381941842523 -0.007226011787709506 0.2853185428319678
v 0.13696666697670215 0.15947417778007422 0.27361201201147056
v 0.22582544571001392 0.2996261855927531 0.16331298601853445
v 0.3351224460069926 0.06690284690459894 0.19273796859104975
v 0.17066091501122996 -0.2284894708896564 0.238177675107304
v 0.18860382798981282 -0.1755820072804415 0.24181746141642024
v 0.13479228544376085 0.3109740794071889 0.20224923909328857
v 0.2175462824432002 0.12782521376458006 0.2660503186149387
v 0.34998746286522564 -0.28980602038623277 0.07335882835959118
v 0.20454253493086424 0.17285996280075253 0.25067749898844516
v 0.32036602461904107 -0.33808187775290266 0.06626848254013643
v 0.06499254613453453 0.10584410344940076 -0.3899007818799123
v 0.22644754932468067 0.3884842871032336 0.10014006400090032
v 0.1841232956626684 -0.36229803491076407 0.14805915018499866
v 0.24105544452016217 0.061436982769231395 0.2547391323792624
v 0.17206266570402087 0.02175352220235918 0.28045680351879176
v 0.2565533756006112 0.2744448085441246 0.17352450858093094
v 0.3928144068698526 0.24451398368077276 0.11992220558652056
v 0.1709043935230671 0.12377968881562113 0.27844309179132215
v 0.16235088239458276 0.24846052305422384 0.22908521532786974
v 0.36904434847210743 -0.26237022915501146 0.07123304095114433
v 0.16155364633805544 0.1390114500893684 0.27840387226257723
v 0.2283592187084235 -0.4015741637719062 0.09586203943907559
v 0.22914586402518802 -0.3872461330891696 0.1116588962569322
v 0.2568235717287213 0.22395827142212182 0.20327263721446182
v 0.14115920737902946 0.1890222443609032 0.2616219064280023
v 0.06534269597159209 0.09023645878749215 -0.3515144922885231
v 0.2083466177093434 -0.30651365202601866 0.18246492358212985
v 0.2341251860422575 -0.4265883958294706 0.05855059473363946
v 0.20702380633443515 -0.4334382459772401 0.05303076567726177
v 0.13486110492660644 -0.33122450254040686 0.18448229434413282
v 0.29287423553778846 0.0418677836344744 0.21943098196499122
v 0.22066443581899478 -0.254431570303667 0.19815216142210557
v 0.19181160916462311 -0.33735030328750754 0.17444333376162108
v 0.2830471709831882 -0.07960825043631653 0.25339734666237057
v 0.1576938914979454 -0.3757369566437524 0.13179981070463426
v 0.15834378925105244 0.017596986175227286 0.2809975693385812
v 0.1374270981287347 -0.3359113464405105 0.17799678881119832
v 0.18061019883167653 -0.05856158413149997 0.2887039057912272
v 0.2827769258909847 -0.07324010431826511 0.2500493234965534
v 0.1663388371937913 -0.1798012067475168 0.2534572651325274
v 0.2082339068927929 0.32120171084803856 0.16250975296062337
v 0.13392376931674402 -0.2668365975220363 0.2379470587899737
v 0.2593235062058544 -0.1738258546784528 0.21179917716130536
v 0.20790278815226867 0.39811825015938673 0.09593543091942479
v 0.15202541610676654 -0.2750788160143685 0.2362436777913555
v 0.23579029612065153 0.14660296834306832 0.2568248929982898
v 0.23822941367155584 -0.4005389983436304 0.09216528317584115
v 0.3042064855857022 -0.08748873258313192 0.2349966366112742
v 0.18888890353668972 -0.23508128949312862 0.22277465678086186
v 0.13466353517137156 -0.3058829751901531 0.20626453772915607
v 0.2364419090316763 -0.0772601673493371 0.2675992448107911
v 0.1653565131372203 -0.30473162936972653 0.20831684814493154
v 0.14126183209970136 0.0885449429326943 0.2888529238294827
v 0.24919728940249927 -0.03145327976613227 0.254966304068136
v 0.24012728248886142 -0.31537347421426143 0.1483187984791879
v 0.14023073777691067 0.18252445785775212 0.259843739375811
v 0.14903415643659665 -0.015229781268084896 0.29026014196183825
v 0.23546383103589244 -0.29451652369569203 0.16439943518265682
v 0.13832875293515676 -0.19383901537497408 0.2591864092315871
v 0.2320974595346241 -0.295018055448042 0.16988670120439536
v 0.19520069325361053 0.055208587655285676 0.274158870403421
v 0.36136133586166375 0.1342999866045346 0.1653880938805271
v 0.10262538577838956 0.49330737780216244 0.09015760804320844
v 0.13134679016030262 -0.04144696633318761 0.2946868132236157
v 0.19745157365099422 0.07187360917113567 0.27081013221598843
v 0.23805743600951026 -0.07155889500028204 0.27353781944826827
v 0.13695416596579665 0.3745785108707693 0.15676448171927151
v 0.16232716858079618 0.059895288773600015 0.28232109364907276
v 0.21545268704131423 -0.19385739943323066 0.22572815854244188
v 0.1314931552340107 0.37415208149304924 0.16593667812136081
v 0.1782862915335139 0.11578356394117381 0.28077843969181904
v 0.2574231093630327 0.050236567739171054 0.24093184530143763
v 0.24400934804999816 0.22429213414011648 0.21394047494128307
v 0.11168466652763231 0.47764575838373674 0.08822326510230005
v 0.22839820466294966 -0.0673783575374795 0.2708349516687699
v 0.18116628805810367 0.42154230762585365 0.09212989032139764
v 0.23718707255500768 -0.42307569037028864 0.06495322537283932
v 0.21084151275442556 -0.4055338072973195 0.08484795668015341
v 0.11839159972727217 0.4467102008077668 0.1110127112321065
v 0.24666003748323875 -0.05149751307131319 0.26455358363901027
v 0.13313443117540577 0.460220470722182 0.08872949278967095
v 0.2200628855532958 -0.36589914419088176 0.14121537538026385
v 0.04669112518904353 0.10137991315643108 -0.3979549200208622
v 0.21028279028652944 0.3565258155553671 0.134015855350583
v 0.14191768448970235 0.088066148244109 0.2949607409217605
v 0.04752755036469733 0.1001753920254799 -0.36807020861763023
v 0.22166831903162557 0.14259376062436108 0.26476876557562395
v 0.3508255994561973 0.2637462720842065 0.12778869993489095
v 0.20245595202565123 0.13182962526581027 0.27840862387309373
v 0.3068467141045561 -0.351213052321623 0.06482304096554174
v 0.14723798089299614 0.14622897770433205 0.2726420594562351
v 0.14751823823043583 -0.3567916733363763 0.1553592178213952
v 0.1359760128792686 0.4334159092422257 0.1091500345665537
v 0.29303389429883375 0.2827891306451804 0.14860885811970287
v 0.20094120596068007 -0.003973437154956213 0.2700077541649649
v 0.09719856732701335 -0.4276379146054978 0.08034333580144484
v 0.11456275914981282 0.48196923788831825 0.088834870049759
v 0.12488654268177948 -0.3982089738064911 0.11098099385615319
v 0.21522184768401328 0.08958697628171883 0.268268611416905
v 0.13411213138029246 0.245676399598287 0.2410853024496993
v 0.2486097436928569 -0.10767388600621439 0.24758356923489785
v 0.1204044779058461 0.42063610179710537 0.13663328984079842
v 0.14695680751506587 0.33132418690341375 0.1879415410252171
v 0.22166073354365037 -0.04070718510273108 0.2686144535645526
v 0.1690312296458574 0.20299957752113543 0.24421455917208698
v 0.15762407208582466 -0.26854632762411157 0.23277764231756748
v 0.14957627354166889 0.0973971561345659 0.2886370700828037
v 0.14437050291333223 0.2997688788509168 0.20916620914476153
v 0.13693970167159683 -0.25572938719140315 0.24920180083853238
v 0.06289513386144188 0.08912942042558214 -0.410166791332212
v 0.22429862733402153 -0.0220541307194893 0.2684875863989228
v 0.20938399750118017 -0.159438053867493 0.2385230850910444
v 0.25997332092103054 0.31843145659773103 0.13744966491192495
v 0.225553034331223 -0.2207972107016956 0.20622117089098604
v 0.21157117469801542 0.29323397311910754 0.1811597661391221
v 0.1960978067659271 -0.1448882981899522 0.2521611268517017
v 0.17084357745148152 0.4024155221200702 0.1195466366347338
v 0.23668155873299587 0.024825480885620053 0.2568583856633592
v 0.1856189808671231 -0.425867689763323 0.06793084416034614
v 0.0688436026026322 0.09599281735694129 -0.3761293360466075
v 0.23278222480630487 -0.13791324027387927 0.23857601218209276
v 0.3124485228625823 0.19387944384256595 0.20178090080851183
v 0.20773094298857206 -0.0921444891965783 0.26746987214125
v 0.2062624846507317 0.17567531883112966 0.25410005288453663
v 0.18435053469806048 -0.2780724320714483 0.2121778678817578
v 0.18952419998893952 0.253506178992029 0.21042616043097145
v 0.1799124652506701 0.15922623200880973 0.26767665368578364
v 0.20031430043349122 -0.11123279326150742 0.26431635104734286
v 0.19903189820120018 -0.20237488082937974 0.2281611655927171
v 0.196978609801747 0.025875938688269637 0.26819322275450447
v 0.21151360412029765 0.22315200314509817 0.22594789631015672
v 0.19938088971783777 0.019971164137538362 0.2718552051250304
v 0.13328799019020657 -0.30251710420130556 0.2109107341629732
v 0.19582610410301624 -0.057749541886939905 0.279590765403668
v 0.28247569272533335 -0.15038267924844842 0.208398493449867
v 0.23037137542933464 0.2605311812898846 0.1893313460101308
v 0.19121911033968167 0.2848392281799484 0.1910434876066258
v 0.19867582715718154 -0.33813875440038443 0.17524514418322612
v 0.1937817816456012 -0.2328787506490767 0.22346342286051601
v 0.14151135733136336 -0.12478350455201478 0.27371484233927623
v 0.20698589365438216 -0.4062767482025942 0.0889736434008838
v 0.17833588900532263 0.2963081911115549 0.19520023260781771
v 0.12307553255785578 -0.09975328949780388 0.28421403836490533
v 0.23243948010698448 0.04202921522918922 0.2539953198776016
v 0.17514883037249554 -0.3060876423702262 0.20891070385099825
v 0.1927263088858894 -0.002186441974117841 0.2764472554624783
v 0.2322186793585598 -0.16536125693718295 0.2292944986235117
v 0.0506050626383997 0.0740464893654797 -0.4279127029177802
v 0.21787063886509614 0.3543124573485164 0.12518125485935155
v 0.19852468581654412 0.13413169071415262 0.27214576881731706
v 0.2423567928157159 0.17876718902166627 0.23828591836073987
v 0.19712097081965754 -0.17019889517950426 0.2429574042420627
v 0.05306188254053387 0.07701341756534541 -0.40594211731729424
v 0.16607308423676345 -0.13475069769702172 0.2645265570725148
v 0.05338424265985814 0.10879391329750532 -0.37159908059887964
v 0.13192926044149464 0.44184040652534834 0.11053320421549646
v 0.064989675233137 0.10731068221798479 -0.36025380298158005
v 0.1612723910291752 -0.4384205204871269 0.056880397625009
v 0.19360675241781425 -0.06532482391662928 0.27985141077304715
v 0.1286917174553365 -0.44055811231967057 0.0576557230544449
v 0.20246739342924128 -0.36370133815138955 0.14345444460392467
v 0.24805868014385454 -0.41153267387110604 0.08147497722339789
v 0.2379827701508944 0.011121732059655005 0.25361574531436104
v 0.2466247180336303 0.0927030667210039 0.25232609422278196
v 0.234864711862364 0.152916320724351 0.2622565096298934
v 0.2188189070177761 0.20435600186822658 0.229001690613115
v 0.24526276608042877 -0.24063476713774504 0.18495096795843177
v 0.17168359842452277 0.35898350959167724 0.1479725468961916
v 0.12198686560677255 -0.4338763289562899 0.06878197035274958
v 0.13955784027839294 0.228028524166321 0.24203455213910058
v 0.3507029786508413 0.09933041583877433 0.1722363506335431
v 0.23410726157779785 -0.1761627158653183 0.2202208688844428
v 0.20046736975964394 0.26160958473047397 0.2068955968997907
v 0.20277989032185764 0.12306460661078186 0.2733273825462814
v 0.2391699426790663 -0.11945580155081603 0.24816977696598194
v 0.16483858535753307 -0.1357930296262848 0.2614928154245771
v 0.18678930165207866 -0.3985115893751139 0.09896476801896475
v 0.2695269620916284 -0.12356851507577063 0.232646891697248
v 0.30218688605974475 -0.11524728480825583 0.21832196434582704
v 0.20806528305024333 -0.2792849383470899 0.19226107038103774
v 0.25202160583759237 0.0962713465215557 0.24459689858405137
v 0.2718783454023421 -0.024678742184841847 0.2464148256221838
v 0.31767838453586283 -0.06685608415575661 0.2258680264932264
v 0.28839413962949767 0.09422112983394129 0.22061211489813354
v 0.27589713134548166 0.04313113166541622 0.23460959696207676
v 0.3239542381421324 -0.2313917973647468 0.1338104078066737
v 0.2911681910121403 0.009573865315423693 0.22421040956397348
v 0.2923258582642453 0.022016248081817347 0.22663309884826777
v 0.29735107540991457 -0.10733695815818628 0.22841914720109158
v 0.36283228893763475 -0.18249332952061245 0.1348108346184419
v 0.28811196556833873 -0.15809850576740786 0.2041952049222992
v 0.3146128322858175 0.24543099346944514 0.16180222569168115
v 0.35959213619779073 -0.17992346774150308 0.13560142375185688
v 0.3414094379789626 0.13379205404798025 0.1834492480393904
v 0.23935764075510343 0.18070129242982527 0.24332701968070938
v 0.3155888404028607 0.11506928335673791 0.20482840388552567
v 0.255032643694592 0.16457353327631716 0.2446418473943771
v 0.34423149294195443 -0.13147150755576872 0.18189092471044824
v 0.23732795854845776 -0.4162047366126559 0.06729683223153558
v 0.33868890823684983 -0.17400662154078234 0.16030573576179108
v 0.37618209489696985 0.2730477109803937 0.11026583912013124
v 0.25787381682871 0.16808247972033125 0.247841293773729
v 0.3175715262085711 0.20586476409603982 0.19319023963152013
v 0.2678405896393159 0.2015480260994431 0.22080023685550584
v 0.3286243106903959 0.20967323727203946 0.19261209784383448
v 0.27321353535828397 0.19415005565721558 0.21818799833715036
v 0.30750855066236815 0.04378152238452168 0.21433211792830467
v 0.2747156583016839 0.1440070489158812 0.23499855918280085
v 0.24998527497800047 -0.401448443829614 0.09194108309640778
v 0.32873546330864567 0.27448743760704736 0.1290450683519113
v 0.2631991186418311 -0.33042510920193885 0.12190860179832853
v 0.23275920082410015 -0.3318778425374292 0.14886992881061606
v 0.28382537040144107 0.08554373774463458 0.2285554655785528
v 0.28366530362704256 0.18357970069178167 0.2231774183444872
v 0.251387890802363 -0.368985345381293 0.10882397545177987
v 0.259118990613201 -0.15117207426578208 0.22011619290511114
v 0.31013680581122005 -0.23504556446654026 0.1392708524905052
v 0.39614093342768686 0.25088478591762137 0.12214039319397914
v 0.2710752991130436 -0.08227642906105576 0.2530238211494069
v 0.2838136814747615 -0.28791182871857185 0.1273557740119664
v 0.3591269015736883 0.23269519201527658 0.16011806869010686
v 0.260444454257047 -0.31961918390189303 0.12759168065352278
v 0.377069084908765 0.09909047292142734 0.14864075978238112
v 0.290282774007639 -0.27152808698788994 0.1358054106449271
v 0.28186140314859986 0.24015363571730805 0.18080981669896834
v 0.2684287059102931 0.3550855234390391 0.09688404053073937
v 0.2732318521479823 -0.05260089330412005 0.24644938985102896
v 0.3141382140009954 0.0393451204145036 0.2051181119303414
v 0.32808366485050333 0.009731410912795543 0.19902464351652022
v 0.26938327555890296 -0.39730970808082855 0.07665837593009615
v 0.33752429323993305 0.18256683843400603 0.1845059498746081
v 0.2781511758110752 -0.3923539281088853 0.06347333296119209
v 0.33133856109369453 0.10397571863668884 0.1878292347780779
v 0.32774903287800794 -0.09118659784485772 0.2197156490630865
v 0.271926585096925 -0.39176046905006534 0.07208402840581382
v 0.3191049217531895 -0.08657382263054997 0.231102130876516
v 0.3050188827956052 -0.17027511929978265 0.18350546694239672
v 0.2685322260167784 -0.20914347818863607 0.18839613243978243
v 0.27341422665313975 -0.4208576174100629 0.05314993666251572
v 0.32950684120732154 -0.13141651304143157 0.19525719393956664
v 0.3686524571769556 -0.12762215992162268 0.16997844327035955
v 0.2743668561677075 -0.23704819805593208 0.16959757738795084
v 0.30712044461690224 -0.18622128685736217 0.1756884222819239
v 0.3736999992126584 -0.01513218964693976 0.17313542978051694
v 0.3277462034871964 -0.18280116788170442 0.15942395465008746
v 0.33380850841457155 -0.10332868084420346 0.2110298705312803
v 0.3410779058829122 0.2123390544314329 0.17390630542621827
v 0.2612824040642202 -0.09161527304784167 0.25416844516689235
v 0.3504176959870119 0.22585072138804407 0.16210167458625924
v 0.2831024783465619 -0.3346160897978536 0.1010748950735809
v 0.25579843250130496 0.012817767468447375 0.24927603672722803
v 0.3532118991804706 -0.09209635952285058 0.20692041762281826
v 0.3431309865928426 0.2827409127281112 0.1220338002351814
v 0.2564536225261862 -0.29099802936228636 0.15258463652126353
v 0.34152431718807275 -0.02964139052177802 0.19568026371724984
v 0.3366209332500446 -0.016810000692182123 0.20248644916354805
v 0.3728320260425122 0.03300741779356855 0.16037897069700507
f 26/26 34/34 44/44
f 30/30 29/29 42/42
f 22/22 21/21 198/198
f 39/39 23/23 53/53
f 20/20 40/40 17/17
f 38/38 42/42 29/29
f 51/51 54/54 35/35
f 31/31 34/34 26/26
f 35/35 29/29 30/30
f 21/21 47/47 50/50
f 25/25 33/33 24/24
f 34/34 31/31 28/28
f 22/22 28/28 47/47
f 52/52 13/13 43/43
f 24/24 44/44 25/25
f 90/90 53/53 16/16
f 35/35 30/30 51/51
f 36/36 48/48 128/128
f 109/109 51/51 104/104
f 50/50 19/19 52/52
f 19/19 50/50 47/47
f 348/348 368/368 1203/1203
f 45/45 128/128 134/134
f 368/368 348/348 301/301
f 359/359 10/10 1228/1228
f 26/26 17/17 31/31
f 47/47 31/31 19/19
f 46/46 221/221 27/27
f 90/90 16/16 158/158
f 361/361 208/208 255/255
f 27/27 51/51 30/30
f 45/45 134/134 15/15
f 25/25 198/198 33/33
f 198/198 25/25 22/22
f 40/40 44/44 24/24
f 13/13 52/52 19/19
f 16/16 54/54 158/158
f 232/232 197/197 168/168
f 20/20 44/44 40/40
f 24/24 33/33 101/101
f 34/34 25/25 44/44
f 131/131 138/138 164/164
f 17/17 26/26 20/20
f 363/363 5/5 238/238
f 24/24 101/101 48/48
f 47/47 21/21 22/22
f 12/12 49/49 16/16
f 53/53 12/12 16/16
f 22/22 25/25 28/28
f 54/54 14/14 35/35
f 42/42 27/27 30/30
f 113/113 316/316 102/102
f 361/361 368/368 308/308
f 32/32 52/52 43/43
f 26/26 44/44 20/20
f 49/49 54/54 22/22
f 22/22 54/54 49/49
f 54/54 51/51 158/158
f 49/49 54/54 16/16
f 36/36 128/128 45/45
f 120/120 72/72 96/96
f 31/31 47/47 28/28
f 34/34 28/28 25/25
f 53/53 23/23 12/12
f 54/54 49/49 14/14
f 53/53 193/193 39/39
f 27/27 42/42 46/46
f 48/48 36/36 37/37
f 48/48 37/37 40/40
f 168/168 274/274 82/82
f 105/105 52/52 32/32
f 274/274 168/168 197/197
f 104/104 51/51 27/27
f 40/40 24/24 48/48
f 180/180 317/317 61/61
f 349/349 1233/1233 213/213
f 75/75 33/33 198/198
f 118/118 32/32 55/55
f 193/193 159/159 39/39
f 144/144 200/200 130/130
f 114/114 148/148 89/89
f 122/122 178/178 153/153
f 107/107 175/175 88/88
f 389/389 173/173 455/455
f 97/97 206/206 73/73
f 232/232 168/168 320/320
f 195/195 221/221 63/63
f 162/162 169/169 390/390
f 165/165 91/91 217/217
f 218/218 231/231 148/148
f 124/124 85/85 172/172
f 297/297 226/226 74/74
f 127/127 158/158 109/109
f 70/70 173/173 389/389
f 58/58 134/134 87/87
f 134/134 58/58 15/15
f 178/178 199/199 153/153
f 129/129 324/324 5/5
f 204/204 232/232 266/266
f 221/221 46/46 63/63
f 101/101 67/67 223/223
f 222/222 78/78 221/221
f 349/349 177/177 18/18
f 199/199 178/178 220/220
f 184/184 1027/1027 84/84
f 220/220 215/215 170/170
f 151/151 150/150 152/152
f 238/238 1233/1233 18/18
f 108/108 110/110 66/66
f 339/339 287/287 308/308
f 81/81 206/206 192/192
f 250/250 345/345 317/317
f 27/27 221/221 104/104
f 162/162 203/203 179/179
f 169/169 116/116 424/424
f 78/78 205/205 227/227
f 399/399 69/69 110/110
f 327/327 216/216 253/253
f 258/258 182/182 71/71
f 83/83 65/65 76/76
f 89/89 212/212 114/114
f 361/361 308/308 252/252
f 205/205 171/171 187/187
f 106/106 129/129 363/363
f 222/222 205/205 78/78
f 1072/1072 250/250 216/216
f 116/116 200/200 144/144
f 110/110 69/69 185/185
f 250/250 1072/1072 341/341
f 279/279 191/191 190/190
f 18/18 189/189 238/238
f 102/102 316/316 1231/1231
f 225/225 122/122 124/124
f 120/120 96/96 349/349
f 191/191 167/167 190/190
f 232/232 1200/1200 266/266
f 121/121 117/117 141/141
f 178/178 122/122 90/90
f 169/169 179/179 57/57
f 196/196 182/182 273/273
f 229/229 105/105 165/165
f 338/338 212/212 194/194
f 196/196 185/185 69/69
f 183/183 95/95 167/167
f 223/223 98/98 101/101
f 385/385 378/378 1098/1098
f 221/221 195/195 123/123
f 101/101 33/33 75/75
f 85/85 124/124 122/122
f 193/193 53/53 90/90
f 183/183 109/109 95/95
f 76/76 100/100 148/148
f 241/241 971/971 1027/1027
f 104/104 221/221 227/227
f 278/278 305/305 217/217
f 223/223 67/67 57/57
f 369/369 220/220 170/170
f 369/369 337/337 220/220
f 350/350 219/219 201/201
f 136/136 226/226 114/114
f 337/337 199/199 220/220
f 194/194 157/157 79/79
f 109/109 158/158 51/51
f 157/157 174/174 79/79
f 157/157 80/80 174/174
f 141/141 107/107 132/132
f 214/214 199/199 146/146
f 185/185 222/222 137/137
f 209/209 85/85 202/202
f 119/119 203/203 115/115
f 149/149 219/219 211/211
f 93/93 133/133 123/123
f 203/203 119/119 145/145
f 178/178 90/90 127/127
f 145/145 57/57 179/179
f 387/387 82/82 135/135
f 105/105 118/118 154/154
f 305/305 149/149 217/217
f 179/179 203/203 145/145
f 165/165 154/154 91/91
f 50/50 52/52 105/105
f 363/363 99/99 322/322
f 77/77 93/93 100/100
f 339/339 301/301 276/276
f 149/149 165/165 217/217
f 150/150 58/58 87/87
f 57/57 67/67 200/200
f 195/195 163/163 161/161
f 145/145 207/207 98/98
f 97/97 198/198 125/125
f 227/227 205/205 187/187
f 219/219 88/88 175/175
f 199/199 214/214 153/153
f 211/211 165/165 149/149
f 91/91 143/143 217/217
f 97/97 192/192 206/206
f 171/171 196/196 59/59
f 95/95 187/187 59/59
f 205/205 185/185 171/171
f 100/100 231/231 218/218
f 228/228 65/65 236/236
f 236/236 65/65 156/156
f 153/153 85/85 122/122
f 207/207 145/145 218/218
f 455/455 173/173 160/160
f 227/227 221/221 78/78
f 162/162 390/390 398/398
f 61/61 164/164 180/180
f 151/151 152/152 134/134
f 115/115 62/62 119/119
f 151/151 134/134 128/128
f 96/96 177/177 349/349
f 187/187 109/109 104/104
f 198/198 97/97 75/75
f 141/141 81/81 192/192
f 65/65 228/228 76/76
f 115/115 162/162 68/68
f 162/162 179/179 169/169
f 108/108 66/66 70/70
f 424/424 394/394 169/169
f 223/223 57/57 145/145
f 181/181 212/212 338/338
f 110/110 108/108 399/399
f 70/70 176/176 173/173
f 170/170 183/183 167/167
f 175/175 211/211 219/219
f 41/41 63/63 46/46
f 50/50 105/105 229/229
f 207/207 128/128 98/98
f 1027/1027 270/270 84/84
f 116/116 81/81 117/117
f 71/71 69/69 399/399
f 173/173 77/77 160/160
f 123/123 195/195 161/161
f 66/66 176/176 70/70
f 258/258 273/273 182/182
f 116/116 144/144 81/81
f 232/232 1251/1251 1200/1200
f 107/107 192/192 125/125
f 161/161 231/231 100/100
f 160/160 77/77 76/76
f 254/254 238/238 5/5
f 110/110 185/185 137/137
f 133/133 176/176 66/66
f 338/338 194/194 111/111
f 170/170 215/215 183/183
f 275/275 88/88 331/331
f 254/254 697/697 283/283
f 66/66 137/137 133/133
f 254/254 276/276 697/697
f 200/200 169/169 57/57
f 265/265 132/132 413/413
f 97/97 73/73 75/75
f 150/150 174/174 80/80
f 363/363 322/322 239/239
f 127/127 109/109 183/183
f 21/21 103/103 198/198
f 361/361 255/255 1203/1203
f 403/403 350/350 201/201
f 350/350 331/331 88/88
f 211/211 175/175 103/103
f 121/121 141/141 265/265
f 181/181 114/114 212/212
f 215/215 127/127 183/183
f 171/171 185/185 196/196
f 230/230 122/122 225/225
f 272/272 86/86 242/242
f 81/81 141/141 117/117
f 313/313 266/266 1200/1200
f 217/217 210/210 278/278
f 229/229 211/211 103/103
f 212/212 89/89 80/80
f 215/215 220/220 127/127
f 149/149 201/201 219/219
f 135/135 86/86 387/387
f 266/266 249/249 204/204
f 207/207 140/140 151/151
f 105/105 154/154 165/165
f 210/210 217/217 143/143
f 145/145 119/119 218/218
f 95/95 109/109 187/187
f 276/276 324/324 287/287
f 449/449 149/149 305/305
f 201/201 149/149 449/449
f 130/130 206/206 144/144
f 98/98 128/128 166/166
f 101/101 98/98 166/166
f 284/284 359/359 126/126
f 223/223 145/145 98/98
f 175/175 198/198 103/103
f 125/125 175/175 107/107
f 192/192 107/107 141/141
f 321/321 226/226 297/297
f 229/229 165/165 211/211
f 137/137 222/222 123/123
f 126/126 253/253 138/138
f 235/235 462/462 277/277
f 48/48 166/166 128/128
f 156/156 235/235 277/277
f 213/213 120/120 349/349
f 86/86 135/135 242/242
f 129/129 5/5 363/363
f 156/156 64/64 235/235
f 67/67 101/101 75/75
f 113/113 1211/1211 316/316
f 122/122 230/230 159/159
f 48/48 101/101 166/166
f 480/480 481/481 82/82
f 67/67 73/73 130/130
f 255/255 188/188 1203/1203
f 68/68 56/56 115/115
f 103/103 21/21 50/50
f 139/139 1211/1211 113/113
f 472/472 68/68 398/398
f 115/115 56/56 62/62
f 156/156 83/83 64/64
f 398/398 68/68 162/162
f 102/102 284/284 113/113
f 193/193 90/90 122/122
f 122/122 159/159 193/193
f 65/65 83/83 156/156
f 254/254 5/5 324/324
f 162/162 115/115 203/203
f 171/171 59/59 187/187
f 424/424 267/267 394/394
f 424/424 116/116 117/117
f 66/66 110/110 137/137
f 140/140 207/207 218/218
f 169/169 200/200 116/116
f 164/164 138/138 393/393
f 59/59 167/167 95/95
f 416/416 117/117 186/186
f 93/93 161/161 100/100
f 76/76 228/228 160/160
f 221/221 123/123 222/222
f 97/97 125/125 192/192
f 176/176 77/77 173/173
f 93/93 123/123 161/161
f 104/104 227/227 187/187
f 69/69 71/71 196/196
f 118/118 105/105 32/32
f 196/196 71/71 182/182
f 428/428 190/190 273/273
f 133/133 93/93 176/176
f 117/117 121/121 186/186
f 275/275 413/413 132/132
f 327/327 253/253 359/359
f 265/265 141/141 132/132
f 250/250 180/180 164/164
f 273/273 190/190 59/59
f 226/226 136/136 74/74
f 241/241 1027/1027 184/184
f 170/170 167/167 191/191
f 94/94 324/324 129/129
f 94/94 287/287 324/324
f 212/212 157/157 194/194
f 275/275 132/132 88/88
f 50/50 229/229 103/103
f 76/76 77/77 100/100
f 219/219 350/350 88/88
f 231/231 89/89 148/148
f 190/190 167/167 59/59
f 233/233 202/202 286/286
f 133/133 137/137 123/123
f 369/369 170/170 191/191
f 152/152 87/87 134/134
f 77/77 176/176 93/93
f 337/337 146/146 199/199
f 204/204 197/197 232/232
f 278/278 210/210 1/1
f 202/202 85/85 286/286
f 372/372 305/305 278/278
f 273/273 59/59 196/196
f 132/132 107/107 88/88
f 521/521 1254/1254 60/60
f 206/206 130/130 73/73
f 85/85 153/153 286/286
f 125/125 198/198 175/175
f 85/85 209/209 172/172
f 158/158 127/127 90/90
f 119/119 140/140 218/218
f 148/148 100/100 218/218
f 151/151 128/128 207/207
f 335/335 338/338 111/111
f 189/189 18/18 155/155
f 214/214 286/286 153/153
f 200/200 67/67 130/130
f 185/185 205/205 222/222
f 220/220 178/178 127/127
f 212/212 80/80 157/157
f 75/75 73/73 67/67
f 206/206 81/81 144/144
f 236/236 156/156 277/277
f 378/378 385/385 738/738
f 308/308 281/281 252/252
f 228/228 236/236 325/325
f 246/246 389/389 309/309
f 368/368 361/361 1203/1203
f 402/402 410/410 354/354
f 437/437 380/380 391/391
f 253/253 393/393 138/138
f 539/539 423/423 293/293
f 379/379 318/318 384/384
f 431/431 354/354 269/269
f 480/480 82/82 1254/1254
f 417/417 415/415 344/344
f 454/454 397/397 310/310
f 587/587 418/418 247/247
f 237/237 539/539 293/293
f 289/289 228/228 325/325
f 430/430 409/409 446/446
f 279/279 347/347 373/373
f 384/384 370/370 346/346
f 271/271 282/282 441/441
f 135/135 274/274 242/242
f 428/428 344/344 415/415
f 673/673 306/306 386/386
f 371/371 401/401 271/271
f 294/294 275/275 331/331
f 370/370 331/331 434/434
f 94/94 252/252 287/287
f 407/407 262/262 381/381
f 358/358 304/304 465/465
f 160/160 228/228 289/289
f 406/406 486/486 397/397
f 82/82 481/481 320/320
f 294/294 384/384 318/318
f 445/445 638/638 353/353
f 332/332 315/315 545/545
f 1241/1241 327/327 1228/1228
f 391/391 371/371 340/340
f 56/56 68/68 472/472
f 456/456 373/373 244/244
f 392/392 326/326 268/268
f 365/365 256/256 280/280
f 299/299 298/298 460/460
f 656/656 406/406 248/248
f 247/247 418/418 356/356
f 1233/1233 349/349 18/18
f 497/497 420/420 280/280
f 356/356 418/418 425/425
f 312/312 345/345 224/224
f 400/400 530/530 450/450
f 497/497 367/367 420/420
f 406/406 397/397 454/454
f 303/303 265/265 414/414
f 256/256 537/537 557/557
f 126/126 138/138 131/131
f 618/618 332/332 586/586
f 256/256 497/497 280/280
f 391/391 366/366 371/371
f 447/447 405/405 386/386
f 70/70 234/234 108/108
f 344/344 333/333 475/475
f 398/398 390/390 323/323
f 70/70 389/389 246/246
f 405/405 447/447 244/244
f 439/439 342/342 332/332
f 108/108 259/259 399/399
f 463/463 430/430 240/240
f 99/99 363/363 238/238
f 328/328 289/289 325/325
f 269/269 414/414 466/466
f 447/447 306/306 404/404
f 466/466 294/294 318/318
f 345/345 60/60 387/387
f 434/434 350/350 403/403
f 420/420 377/377 259/259
f 638/638 334/334 526/526
f 240/240 430/430 446/446
f 439/439 332/332 248/248
f 375/375 472/472 285/285
f 426/426 465/465 309/309
f 425/425 319/319 468/468
f 190/190 347/347 279/279
f 295/295 425/425 418/418
f 353/353 388/388 311/311
f 2/2 445/445 353/353
f 1267/1267 238/238 283/283
f 638/638 602/602 353/353
f 433/433 532/532 364/364
f 347/347 428/428 415/415
f 314/314 395/395 426/426
f 340/340 371/371 292/292
f 333/333 263/263 367/367
f 84/84 1098/1098 378/378
f 382/382 421/421 286/286
f 272/272 387/387 86/86
f 342/342 451/451 315/315
f 429/429 233/233 282/282
f 404/404 456/456 447/447
f 373/373 456/456 360/360
f 457/457 337/337 369/369
f 255/255 260/260 188/188
f 464/464 474/474 408/408
f 469/469 357/357 282/282
f 369/369 191/191 360/360
f 250/250 164/164 393/393
f 434/434 403/403 471/471
f 10/10 284/284 1228/1228
f 242/242 112/112 249/249
f 569/569 422/422 376/376
f 372/372 278/278 1/1
f 252/252 281/281 287/287
f 441/441 421/421 326/326
f 269/269 318/318 470/470
f 396/396 3/3 451/451
f 401/401 290/290 271/271
f 569/569 585/585 386/386
f 412/412 236/236 277/277
f 442/442 449/449 452/452
f 429/429 202/202 233/233
f 234/234 473/473 259/259
f 365/365 280/280 473/473
f 267/267 474/474 451/451
f 456/456 457/457 360/360
f 375/375 237/237 293/293
f 436/436 351/351 257/257
f 475/475 417/417 344/344
f 971/971 241/241 352/352
f 420/420 367/367 377/377
f 398/398 407/407 472/472
f 470/470 288/288 300/300
f 382/382 286/286 214/214
f 407/407 398/398 323/323
f 344/344 428/428 263/263
f 323/323 262/262 407/407
f 392/392 268/268 404/404
f 390/390 262/262 323/323
f 401/401 366/366 290/290
f 248/248 329/329 439/439
f 535/535 251/251 651/651
f 380/380 366/366 391/391
f 269/269 466/466 318/318
f 180/180 250/250 317/317
f 472/472 291/291 56/56
f 649/649 395/395 314/314
f 445/445 334/334 638/638
f 474/474 267/267 467/467
f 238/238 1267/1267 1233/1233
f 295/295 325/325 412/412
f 370/370 294/294 331/331
f 251/251 245/245 328/328
f 425/425 302/302 356/356
f 617/617 237/237 375/375
f 321/321 181/181 338/338
f 418/418 251/251 295/295
f 461/461 388/388 440/440
f 261/261 464/464 296/296
f 426/426 309/309 245/245
f 232/232 320/320 1251/1251
f 72/72 120/120 142/142
f 464/464 408/408 296/296
f 310/310 381/381 454/454
f 451/451 3/3 267/267
f 458/458 384/384 435/435
f 307/307 365/365 304/304
f 330/330 319/319 409/409
f 467/467 267/267 424/424
f 306/306 673/673 433/433
f 396/396 451/451 342/342
f 342/342 315/315 332/332
f 365/365 473/473 304/304
f 425/425 295/295 427/427
f 406/406 454/454 329/329
f 242/242 274/274 197/197
f 246/246 234/234 70/70
f 433/433 364/364 392/392
f 329/329 381/381 439/439
f 442/442 471/471 403/403
f 537/537 307/307 530/530
f 406/406 329/329 248/248
f 261/261 448/448 477/477
f 383/383 460/460 472/472
f 239/239 106/106 363/363
f 550/550 333/333 419/419
f 309/309 455/455 328/328
f 82/82 320/320 168/168
f 428/428 273/273 263/263
f 410/410 408/408 467/467
f 383/383 375/375 299/299
f 276/276 254/254 324/324
f 243/243 402/402 431/431
f 414/414 265/265 413/413
f 259/259 108/108 234/234
f 384/384 294/294 370/370
f 470/470 431/431 269/269
f 457/457 268/268 337/337
f 287/287 339/339 276/276
f 259/259 71/71 399/399
f 258/258 71/71 259/259
f 426/426 358/358 465/465
f 602/602 440/440 353/353
f 467/467 424/424 117/117
f 261/261 444/444 464/464
f 440/440 577/577 436/436
f 427/427 462/462 425/425
f 448/448 261/261 296/296
f 448/448 296/296 402/402
f 299/299 375/375 293/293
f 427/427 295/295 412/412
f 458/458 379/379 384/384
f 404/404 268/268 457/457
f 395/395 450/450 426/426
f 411/411 321/321 297/297
f 283/283 238/238 254/254
f 277/277 462/462 427/427
f 244/244 373/373 347/347
f 263/263 273/273 258/258
f 583/583 440/440 602/602
f 473/473 420/420 259/259
f 401/401 371/371 366/366
f 447/447 386/386 306/306
f 471/471 346/346 370/370
f 281/281 308/308 287/287
f 346/346 471/471 442/442
f 347/347 190/190 428/428
f 530/530 307/307 358/358
f 263/263 333/333 344/344
f 460/460 291/291 472/472
f 242/242 197/197 112/112
f 373/373 191/191 279/279
f 393/393 253/253 216/216
f 521/521 345/345 341/341
f 453/453 302/302 468/468
f 1254/1254 82/82 60/60
f 431/431 492/492 243/243
f 296/296 408/408 410/410
f 354/354 303/303 414/414
f 646/646 569/569 376/376
f 126/126 359/359 253/253
f 362/362 392/392 364/364
f 135/135 82/82 274/274
f 545/545 464/464 444/444
f 388/388 353/353 440/440
f 449/449 442/442 403/403
f 403/403 201/201 449/449
f 268/268 146/146 337/337
f 339/339 368/368 301/301
f 191/191 373/373 360/360
f 315/315 464/464 545/545
f 419/419 333/333 367/367
f 331/331 350/350 434/434
f 84/84 270/270 1098/1098
f 305/305 452/452 449/449
f 314/314 426/426 245/245
f 376/376 417/417 475/475
f 250/250 393/393 216/216
f 387/387 60/60 82/82
f 288/288 470/470 379/379
f 328/328 455/455 289/289
f 282/282 357/357 355/355
f 268/268 326/326 382/382
f 471/471 370/370 434/434
f 271/271 290/290 469/469
f 430/430 330/330 409/409
f 410/410 467/467 416/416
f 465/465 246/246 309/309
f 372/372 1/1 438/438
f 303/303 354/354 416/416
f 386/386 585/585 673/673
f 381/381 329/329 454/454
f 436/436 461/461 440/440
f 276/276 301/301 697/697
f 651/651 251/251 587/587
f 417/417 244/244 415/415
f 251/251 328/328 295/295
f 465/465 407/407 309/309
f 465/465 309/309 407/407
f 285/285 407/407 310/310
f 371/371 271/271 441/441
f 328/328 325/325 295/295
f 382/382 214/214 146/146
f 392/392 362/362 326/326
f 452/452 305/305 372/372
f 251/251 418/418 587/587
f 292/292 326/326 362/362
f 617/617 397/397 486/486
f 369/369 360/360 457/457
f 457/457 456/456 404/404
f 376/376 422/422 417/417
f 280/280 420/420 473/473
f 379/379 470/470 318/318
f 246/246 304/304 234/234
f 317/317 345/345 312/312
f 409/409 321/321 338/338
f 466/466 275/275 294/294
f 343/343 340/340 292/292
f 284/284 102/102 1228/1228
f 397/397 617/617 375/375
f 248/248 332/332 618/618
f 411/411 264/264 321/321
f 439/439 381/381 262/262
f 557/557 674/674 256/256
f 322/322 99/99 92/92
f 400/400 450/450 395/395
f 307/307 256/256 365/365
f 315/315 474/474 464/464
f 120/120 213/213 352/352
f 392/392 404/404 306/306
f 455/455 160/160 289/289
f 347/347 415/415 244/244
f 339/339 308/308 368/368
f 245/245 309/309 328/328
f 296/296 410/410 402/402
f 302/302 425/425 468/468
f 441/441 282/282 421/421
f 147/147 177/177 96/96
f 3/3 390/390 394/394
f 394/394 390/390 169/169
f 414/414 413/413 466/466
f 352/352 241/241 184/184
f 3/3 394/394 267/267
f 314/314 245/245 535/535
f 147/147 155/155 177/177
f 354/354 414/414 269/269
f 446/446 409/409 335/335
f 366/366 357/357 290/290
f 413/413 275/275 466/466
f 288/288 379/379 458/458
f 409/409 338/338 335/335
f 608/608 459/459 362/362
f 397/397 285/285 310/310
f 272/272 224/224 387/387
f 427/427 412/412 277/277
f 450/450 530/530 358/358
f 467/467 117/117 416/416
f 155/155 18/18 177/177
f 608/608 364/364 532/532
f 271/271 469/469 282/282
f 408/408 474/474 467/467
f 472/472 375/375 383/383
f 307/307 537/537 256/256
f 244/244 417/417 405/405
f 353/353 311/311 2/2
f 282/282 233/233 421/421
f 459/459 292/292 362/362
f 345/345 521/521 60/60
f 250/250 341/341 345/345
f 371/371 441/441 292/292
f 359/359 1228/1228 327/327
f 310/310 407/407 381/381
f 364/364 608/608 362/362
f 443/443 376/376 475/475
f 319/319 330/330 468/468
f 469/469 290/290 357/357
f 441/441 326/326 292/292
f 307/307 304/304 358/358
f 367/367 497/497 419/419
f 204/204 249/249 112/112
f 465/465 304/304 246/246
f 382/382 326/326 421/421
f 431/431 470/470 492/492
f 422/422 405/405 417/417
f 378/378 738/738 336/336
f 470/470 300/300 492/492
f 358/358 426/426 450/450
f 569/569 405/405 422/422
f 438/438 452/452 372/372
f 433/433 392/392 306/306
f 397/397 375/375 285/285
f 532/532 433/433 673/673
f 367/367 263/263 377/377
f 435/435 384/384 346/346
f 569/569 386/386 405/405
f 302/302 453/453 502/502
f 282/282 355/355 429/429
f 377/377 258/258 259/259
f 285/285 472/472 407/407
f 263/263 258/258 377/377
f 354/354 410/410 416/416
f 343/343 292/292 459/459
f 319/319 321/321 409/409
f 268/268 382/382 146/146
f 473/473 234/234 304/304
f 412/412 325/325 236/236
f 224/224 345/345 387/387
f 456/456 244/244 447/447
f 535/535 245/245 251/251
f 99/99 238/238 189/189
f 233/233 286/286 421/421
f 354/354 431/431 402/402
f 315/315 451/451 474/474
f 309/309 389/389 455/455
f 10/10 359/359 284/284
f 522/522 504/504 524/524
f 112/112 197/197 204/204
f 675/675 501/501 343/343
f 599/599 648/648 544/544
f 572/572 555/555 624/624
f 491/491 490/490 631/631
f 776/776 633/633 555/555
f 647/647 535/535 651/651
f 484/484 512/512 546/546
f 587/587 479/479 647/647
f 554/554 528/528 493/493
f 102/102 1231/1231 1228/1228
f 649/649 535/535 647/647
f 616/616 580/580 606/606
f 600/600 536/536 564/564
f 619/619 513/513 611/611
f 600/600 634/634 536/536
f 603/603 649/649 596/596
f 648/648 673/673 680/680
f 704/704 642/642 518/518
f 614/614 571/571 503/503
f 661/661 625/625 677/677
f 567/567 635/635 657/657
f 553/553 486/486 656/656
f 479/479 579/579 649/649
f 588/588 531/531 845/845
f 533/533 630/630 671/671
f 800/800 642/642 704/704
f 625/625 626/626 443/443
f 608/608 594/594 668/668
f 584/584 679/679 660/660
f 659/659 517/517 658/658
f 659/659 551/551 517/517
f 489/489 656/656 248/248
f 871/871 568/568 598/598
f 661/661 677/677 659/659
f 479/479 587/587 515/515
f 527/527 585/585 569/569
f 553/553 656/656 494/494
f 599/599 594/594 648/648
f 493/493 800/800 805/805
f 615/615 498/498 676/676
f 747/747 567/567 652/652
f 484/484 548/548 582/582
f 488/488 507/507 511/511
f 583/583 523/523 531/531
f 893/893 575/575 653/653
f 513/513 670/670 674/674
f 596/596 649/649 579/579
f 648/648 532/532 673/673
f 518/518 504/504 645/645
f 568/568 501/501 675/675
f 556/556 677/677 475/475
f 582/582 548/548 515/515
f 626/626 637/637 503/503
f 763/763 614/614 576/576
f 577/577 583/583 531/531
f 1193/1193 1049/1049 1246/1246
f 1026/1026 924/924 952/952
f 1013/1013 549/549 780/780
f 641/641 510/510 528/528
f 722/722 518/518 645/645
f 641/641 639/639 510/510
f 597/597 658/658 619/619
f 505/505 567/567 591/591
f 770/770 570/570 623/623
f 590/590 665/665 658/658
f 564/564 505/505 476/476
f 536/536 566/566 652/652
f 476/476 600/600 564/564
f 714/714 1082/1082 1041/1041
f 577/577 440/440 583/583
f 755/755 661/661 663/663
f 512/512 620/620 516/516
f 616/616 611/611 557/557
f 553/553 617/617 486/486
f 524/524 515/515 548/548
f 603/603 395/395 649/649
f 871/871 598/598 668/668
f 531/531 595/595 577/577
f 1239/1239 810/810 1265/1265
f 482/482 617/617 538/538
f 957/957 645/645 522/522
f 680/680 575/575 648/648
f 1213/1213 1235/1235 1202/1202
f 546/546 512/512 516/516
f 568/568 675/675 598/598
f 807/807 1198/1198 1192/1192
f 666/666 621/621 520/520
f 659/659 677/677 551/551
f 815/815 496/496 635/635
f 528/528 578/578 493/493
f 522/522 524/524 548/548
f 642/642 596/596 579/579
f 495/495 678/678 374/374
f 606/606 580/580 639/639
f 643/643 644/644 682/682
f 662/662 543/543 561/561
f 495/495 374/374 432/432
f 341/341 1072/1072 780/780
f 517/517 550/550 419/419
f 681/681 1237/1237 1197/1197
f 611/611 674/674 557/557
f 493/493 642/642 800/800
f 567/567 657/657 591/591
f 569/569 612/612 527/527
f 503/503 576/576 614/614
f 782/782 597/597 643/643
f 706/706 671/671 498/498
f 491/491 559/559 490/490
f 706/706 498/498 615/615
f 587/587 559/559 491/491
f 601/601 655/655 542/542
f 879/879 533/533 671/671
f 348/348 1208/1208 301/301
f 498/498 671/671 495/495
f 625/625 661/661 637/637
f 626/626 571/571 646/646
f 485/485 561/561 543/543
f 879/879 671/671 706/706
f 661/661 755/755 576/576
f 671/671 630/630 678/678
f 675/675 459/459 608/608
f 834/834 706/706 615/615
f 1234/1234 1253/1253 1252/1252
f 622/622 491/491 631/631
f 499/499 611/611 616/616
f 487/487 667/667 613/613
f 595/595 351/351 436/436
f 682/682 644/644 814/814
f 617/617 511/511 237/237
f 538/538 617/617 553/553
f 578/578 510/510 603/603
f 588/588 676/676 531/531
f 548/548 903/903 522/522
f 1199/1199 1044/1044 1258/1258
f 677/677 625/625 443/443
f 1220/1220 979/979 592/592
f 865/865 568/568 844/844
f 400/400 395/395 603/603
f 573/573 641/641 554/554
f 584/584 660/660 541/541
f 489/489 248/248 627/627
f 1227/1227 778/778 771/771
f 748/748 644/644 641/641
f 1262/1262 1256/1256 1251/1251
f 488/488 607/607 507/507
f 598/598 675/675 608/608
f 649/649 647/647 479/479
f 671/671 678/678 495/495
f 633/633 583/583 602/602
f 667/667 629/629 630/630
f 587/587 247/247 559/559
f 676/676 595/595 531/531
f 643/643 619/619 499/499
f 598/598 608/608 668/668
f 499/499 616/616 509/509
f 652/652 564/564 536/536
f 669/669 652/652 566/566
f 1230/1230 778/778 1227/1227
f 507/507 607/607 539/539
f 533/533 667/667 630/630
f 594/594 608/608 532/532
f 515/515 587/587 491/491
f 623/623 570/570 612/612
f 659/659 658/658 672/672
f 658/658 665/665 672/672
f 562/562 613/613 786/786
f 512/512 582/582 622/622
f 506/506 672/672 589/589
f 551/551 556/556 550/550
f 677/677 556/556 551/551
f 501/501 340/340 343/343
f 506/506 589/589 666/666
f 544/544 648/648 575/575
f 666/666 520/520 590/590
f 501/501 437/437 340/340
f 484/484 582/582 512/512
f 1192/1192 1198/1198 1261/1261
f 662/662 574/574 543/543
f 653/653 570/570 770/770
f 621/621 672/672 665/665
f 580/580 537/537 639/639
f 1247/1247 806/806 1145/1145
f 681/681 1239/1239 1265/1265
f 675/675 343/343 459/459
f 664/664 590/590 663/663
f 666/666 590/590 664/664
f 664/664 506/506 666/666
f 578/578 603/603 596/596
f 590/590 520/520 621/621
f 642/642 493/493 578/578
f 1058/1058 1002/1002 1237/1237
f 621/621 666/666 589/589
f 660/660 679/679 508/508
f 624/624 555/555 638/638
f 569/569 646/646 640/640
f 555/555 602/602 638/638
f 528/528 510/510 578/578
f 620/620 512/512 622/622
f 557/557 537/537 580/580
f 494/494 656/656 563/563
f 845/845 531/531 523/523
f 652/652 567/567 505/505
f 676/676 498/498 432/432
f 600/600 604/604 634/634
f 1199/1199 1258/1258 1188/1188
f 527/527 680/680 585/585
f 606/606 641/641 509/509
f 637/637 576/576 503/503
f 1230/1230 1100/1100 1232/1232
f 713/713 565/565 736/736
f 500/500 519/519 545/545
f 561/561 485/485 613/613
f 419/419 497/497 517/517
f 1241/1241 1231/1231 1215/1215
f 875/875 605/605 865/865
f 865/865 501/501 568/568
f 642/642 578/578 596/596
f 610/610 604/604 483/483
f 534/534 640/640 614/614
f 585/585 680/680 673/673
f 333/333 556/556 475/475
f 485/485 487/487 613/613
f 1244/1244 1189/1189 1058/1058
f 587/587 647/647 651/651
f 658/658 517/517 619/619
f 513/513 619/619 517/517
f 782/782 663/663 597/597
f 562/562 561/561 613/613
f 1192/1192 1090/1090 1049/1049
f 822/822 540/540 609/609
f 1100/1100 777/777 803/803
f 524/524 479/479 515/515
f 721/721 599/599 544/544
f 583/583 633/633 523/523
f 626/626 646/646 443/443
f 642/642 579/579 518/518
f 1189/1189 1247/1247 1145/1145
f 781/781 546/546 516/516
f 4/4 437/437 501/501
f 739/739 747/747 652/652
f 646/646 376/376 443/443
f 893/893 544/544 575/575
f 669/669 739/739 652/652
f 865/865 605/605 501/501
f 814/814 644/644 748/748
f 652/652 505/505 564/564
f 736/736 636/636 496/496
f 400/400 510/510 530/530
f 588/588 798/798 615/615
f 563/563 489/489 627/627
f 667/667 541/541 628/628
f 627/627 248/248 618/618
f 496/496 552/552 635/635
f 640/640 646/646 571/571
f 550/550 517/517 551/551
f 630/630 629/629 678/678
f 484/484 546/546 781/781
f 490/490 525/525 529/529
f 861/861 514/514 744/744
f 625/625 637/637 626/626
f 554/554 493/493 805/805
f 490/490 559/559 525/525
f 903/903 548/548 484/484
f 957/957 522/522 903/903
f 614/614 640/640 571/571
f 782/782 643/643 708/708
f 971/971 352/352 213/213
f 653/653 527/527 612/612
f 669/669 566/566 650/650
f 653/653 575/575 527/527
f 586/586 332/332 519/519
f 1201/1201 1053/1053 1248/1248
f 670/670 497/497 256/256
f 676/676 432/432 595/595
f 748/748 641/641 573/573
f 1064/1064 714/714 1237/1237
f 525/525 559/559 478/478
f 605/605 4/4 501/501
f 633/633 602/602 555/555
f 499/499 509/509 644/644
f 615/615 676/676 588/588
f 593/593 635/635 567/567
f 597/597 619/619 643/643
f 633/633 784/784 523/523
f 550/550 556/556 333/333
f 1226/1226 1111/1111 1145/1145
f 491/491 622/622 582/582
f 643/643 499/499 644/644
f 834/834 615/615 798/798
f 579/579 504/504 518/518
f 663/663 661/661 659/659
f 606/606 639/639 641/641
f 504/504 522/522 645/645
f 503/503 571/571 626/626
f 504/504 479/479 524/524
f 721/721 668/668 599/599
f 504/504 579/579 479/479
f 506/506 659/659 672/672
f 639/639 530/530 510/510
f 1049/1049 1076/1076 1044/1044
f 621/621 665/665 590/590
f 510/510 400/400 603/603
f 511/511 617/617 482/482
f 554/554 641/641 528/528
f 590/590 597/597 663/663
f 584/584 547/547 679/679
f 541/541 660/660 628/628
f 391/391 340/340 437/437
f 590/590 658/658 597/597
f 644/644 509/509 641/641
f 1228/1228 1231/1231 1241/1241
f 616/616 606/606 509/509
f 508/508 628/628 660/660
f 629/629 667/667 628/628
f 475/475 677/677 443/443
f 610/610 634/634 604/604
f 670/670 517/517 497/497
f 664/664 663/663 659/659
f 664/664 659/659 506/506
f 1231/1231 316/316 696/696
f 1253/1253 1234/1234 1196/1196
f 718/718 593/593 567/567
f 805/805 573/573 554/554
f 640/640 623/623 612/612
f 612/612 570/570 653/653
f 718/718 567/567 747/747
f 432/432 498/498 495/495
f 499/499 619/619 611/611
f 487/487 632/632 541/541
f 487/487 541/541 667/667
f 616/616 557/557 580/580
f 628/628 508/508 629/629
f 576/576 637/637 661/661
f 513/513 517/517 670/670
f 1132/1132 1224/1224 1213/1213
f 1145/1145 806/806 1226/1226
f 672/672 621/621 589/589
f 966/966 558/558 1132/1132
f 575/575 680/680 527/527
f 613/613 667/667 533/533
f 599/599 668/668 594/594
f 1256/1256 1246/1246 1199/1199
f 623/623 640/640 534/534
f 595/595 436/436 577/577
f 622/622 631/631 620/620
f 595/595 432/432 351/351
f 648/648 594/594 532/532
f 237/237 507/507 539/539
f 491/491 582/582 515/515
f 511/511 507/507 237/237
f 624/624 638/638 526/526
f 314/314 535/535 649/649
f 569/569 640/640 612/612
f 656/656 489/489 563/563
f 530/530 639/639 537/537
f 656/656 486/486 406/406
f 611/611 513/513 674/674
f 341/341 549/549 521/521
f 674/674 670/670 256/256
f 519/519 332/332 545/545
f 1221/1221 1245/1245 1260/1260
f 751/751 947/947 686/686
f 860/860 686/686 731/731
f 1204/1204 1241/1241 1206/1206
f 948/948 855/855 847/847
f 905/905 733/733 839/839
f 1153/1153 801/801 724/724
f 216/216 327/327 1241/1241
f 687/687 948/948 824/824
f 751/751 687/687 824/824
f 758/758 686/686 689/689
f 758/758 751/751 686/686
f 870/870 797/797 757/757
f 1078/1078 894/894 769/769
f 751/751 743/743 687/687
f 784/784 633/633 776/776
f 808/808 891/891 1117/1117
f 887/887 766/766 613/613
f 753/753 870/870 686/686
f 725/725 877/877 883/883
f 756/756 951/951 723/723
f 688/688 873/873 862/862
f 883/883 977/977 725/725
f 883/883 725/725 977/977
f 1040/1040 793/793 837/837
f 932/932 798/798 845/845
f 838/838 878/878 917/917
f 1040/1040 1143/1143 793/793
f 938/938 764/764 817/817
f 772/772 917/917 812/812
f 759/759 821/821 843/843
f 1240/1240 1245/1245 969/969
f 1143/1143 762/762 793/793
f 653/653 770/770 893/893
f 789/789 926/926 779/779
f 702/702 957/957 877/877
f 1266/1266 807/807 481/481
f 1223/1223 1206/1206 1218/1218
f 694/694 815/815 841/841
f 870/870 792/792 773/773
f 828/828 959/959 893/893
f 949/949 950/950 796/796
f 1100/1100 1230/1230 654/654
f 693/693 754/754 688/688
f 936/936 994/994 933/933
f 768/768 901/901 960/960
f 750/750 841/841 795/795
f 832/832 795/795 913/913
f 775/775 830/830 809/809
f 928/928 913/913 884/884
f 785/785 719/719 737/737
f 882/882 834/834 8/8
f 1150/1150 1153/1153 724/724
f 907/907 838/838 765/765
f 835/835 484/484 781/781
f 956/956 533/533 879/879
f 816/816 865/865 854/854
f 1040/1040 837/837 899/899
f 956/956 887/887 533/533
f 916/916 704/704 518/518
f 8/8 798/798 6/6
f 831/831 756/756 791/791
f 703/703 794/794 961/961
f 854/854 844/844 864/864
f 623/623 767/767 888/888
f 685/685 889/889 814/814
f 837/837 722/722 702/702
f 963/963 872/872 703/703
f 746/746 866/866 794/794
f 815/815 635/635 593/593
f 872/872 700/700 703/703
f 967/967 725/725 883/883
f 894/894 996/996 958/958
f 790/790 856/856 792/792
f 1052/1052 832/832 928/928
f 707/707 782/782 801/801
f 837/837 916/916 722/722
f 1234/1234 1264/1264 1221/1221
f 931/931 767/767 926/926
f 707/707 869/869 782/782
f 737/737 936/936 785/785
f 682/682 708/708 643/643
f 799/799 904/904 960/960
f 797/797 773/773 820/820
f 1245/1245 1221/1221 969/969
f 788/788 827/827 998/998
f 825/825 764/764 839/839
f 894/894 958/958 745/745
f 841/841 593/593 795/795
f 890/890 742/742 996/996
f 701/701 913/913 954/954
f 739/739 954/954 747/747
f 906/906 904/904 898/898
f 845/845 784/784 901/901
f 920/920 732/732 540/540
f 932/932 845/845 768/768
f 754/754 693/693 560/560
f 270/270 1202/1202 1098/1098
f 518/518 722/722 916/916
f 868/868 915/915 823/823
f 812/812 736/736 815/815
f 858/858 898/898 937/937
f 898/898 813/813 937/937
f 822/822 752/752 920/920
f 573/573 719/719 819/819
f 913/913 718/718 747/747
f 882/882 706/706 834/834
f 810/810 1238/1238 1243/1243
f 878/878 581/581 713/713
f 523/523 784/784 845/845
f 769/769 894/894 745/745
f 796/796 809/809 944/944
f 814/814 573/573 819/819
f 945/945 946/946 914/914
f 1041/1041 1238/1238 1197/1197
f 850/850 914/914 950/950
f 573/573 805/805 719/719
f 821/821 864/864 902/902
f 791/791 931/931 921/921
f 921/921 923/923 831/831
f 929/929 710/710 922/922
f 911/911 910/910 915/915
f 728/728 833/833 861/861
f 874/874 838/838 836/836
f 693/693 688/688 727/727
f 823/823 915/915 910/910
f 856/856 953/953 792/792
f 789/789 698/698 921/921
f 792/792 953/953 773/773
f 926/926 789/789 921/921
f 899/899 837/837 702/702
f 791/791 826/826 931/931
f 971/971 991/991 1257/1257
f 695/695 935/935 939/939
f 729/729 853/853 955/955
f 954/954 726/726 701/701
f 1110/1110 691/691 853/853
f 301/301 1208/1208 1244/1244
f 663/663 782/782 825/825
f 723/723 859/859 826/826
f 783/783 802/802 876/876
f 663/663 825/825 755/755
f 876/876 760/760 783/783
f 960/960 818/818 735/735
f 888/888 767/767 931/931
f 951/951 828/828 723/723
f 802/802 766/766 956/956
f 871/871 668/668 912/912
f 829/829 690/690 840/840
f 738/738 1220/1220 592/592
f 1225/1225 1219/1219 1249/1249
f 939/939 892/892 6/6
f 957/957 702/702 722/722
f 534/534 614/614 763/763
f 1225/1225 969/969 1221/1221
f 927/927 984/984 703/703
f 568/568 871/871 717/717
f 941/941 796/796 944/944
f 733/733 698/698 789/789
f 842/842 6/6 932/932
f 804/804 782/782 869/869
f 336/336 738/738 592/592
f 740/740 712/712 699/699
f 887/887 613/613 533/533
f 741/741 699/699 712/712
f 684/684 946/946 945/945
f 955/955 934/934 721/721
f 890/890 1074/1074 867/867
f 862/862 760/760 909/909
f 746/746 942/942 730/730
f 756/756 723/723 791/791
f 521/521 549/549 1254/1254
f 959/959 544/544 893/893
f 721/721 544/544 959/959
f 855/855 948/948 941/941
f 941/941 687/687 743/743
f 948/948 687/687 941/941
f 876/876 690/690 929/929
f 1028/1028 891/891 922/922
f 753/753 686/686 860/860
f 751/751 758/758 743/743
f 955/955 721/721 828/828
f 912/912 668/668 721/721
f 1001/1001 1215/1215 924/924
f 786/786 613/613 766/766
f 1060/1060 772/772 709/709
f 844/844 568/568 717/717
f 903/903 877/877 957/957
f 835/835 883/883 903/903
f 956/956 766/766 887/887
f 1077/1077 735/735 734/734
f 734/734 735/735 818/818
f 874/874 765/765 838/838
f 888/888 770/770 623/623
f 790/790 753/753 860/860
f 918/918 842/842 735/735
f 992/992 1038/1038 1209/1209
f 854/854 865/865 844/844
f 753/753 790/790 792/792
f 753/753 792/792 870/870
f 902/902 788/788 998/998
f 874/874 836/836 761/761
f 709/709 750/750 832/832
f 771/771 1255/1255 1227/1227
f 774/774 800/800 916/916
f 755/755 839/839 733/733
f 878/878 812/812 917/917
f 1106/1106 883/883 835/835
f 929/929 760/760 876/876
f 834/834 798/798 8/8
f 1203/1203 1255/1255 1208/1208
f 775/775 809/809 943/943
f 881/881 873/873 688/688
f 735/735 768/768 960/960
f 694/694 750/750 709/709
f 965/965 741/741 830/830
f 750/750 694/694 841/841
f 1206/1206 1008/1008 1218/1218
f 1093/1093 741/741 965/965
f 703/703 961/961 927/927
f 1244/1244 681/681 697/697
f 819/819 719/719 785/785
f 763/763 926/926 767/767
f 928/928 832/832 913/913
f 783/783 760/760 873/873
f 1001/1001 1214/1214 1212/1212
f 883/883 877/877 903/903
f 1047/1047 917/917 772/772
f 783/783 786/786 766/766
f 934/934 912/912 721/721
f 787/787 808/808 1063/1063
f 984/984 963/963 703/703
f 784/784 776/776 813/813
f 1202/1202 270/270 1259/1259
f 707/707 1153/1153 896/896
f 967/967 883/883 1108/1108
f 916/916 800/800 704/704
f 889/889 685/685 724/724
f 879/879 706/706 956/956
f 878/878 713/713 812/812
f 685/685 785/785 936/936
f 805/805 800/800 774/774
f 1027/1027 971/971 1257/1257
f 724/724 811/811 889/889
f 724/724 801/801 811/811
f 796/796 943/943 809/809
f 735/735 842/842 768/768
f 592/592 885/885 1236/1236
f 896/896 869/869 707/707
f 685/685 819/819 785/785
f 739/739 669/669 833/833
f 683/683 805/805 774/774
f 895/895 764/764 825/825
f 918/918 939/939 842/842
f 768/768 845/845 901/901
f 907/907 581/581 878/878
f 889/889 811/811 814/814
f 999/999 869/869 896/896
f 913/913 747/747 954/954
f 902/902 844/844 717/717
f 788/788 717/717 886/886
f 801/801 708/708 811/811
f 898/898 799/799 813/813
f 799/799 960/960 813/813
f 794/794 700/700 942/942
f 788/788 902/902 717/717
f 540/540 822/822 920/920
f 793/793 774/774 837/837
f 858/858 937/937 880/880
f 905/905 938/938 940/940
f 709/709 772/772 694/694
f 7/7 854/854 930/930
f 779/779 576/576 755/755
f 918/918 735/735 1077/1077
f 1202/1202 1235/1235 979/979
f 966/966 1207/1207 558/558
f 593/593 841/841 815/815
f 960/960 901/901 813/813
f 1180/1180 849/849 935/935
f 759/759 930/930 821/821
f 795/795 593/593 718/718
f 784/784 813/813 901/901
f 919/919 688/688 862/862
f 737/737 762/762 936/936
f 737/737 719/719 683/683
f 1067/1067 962/962 1048/1048
f 1204/1204 1072/1072 216/216
f 930/930 854/854 864/864
f 727/727 787/787 745/745
f 917/917 977/977 838/838
f 819/819 685/685 814/814
f 733/733 905/905 698/698
f 820/820 773/773 863/863
f 849/849 710/710 829/829
f 742/742 852/852 958/958
f 725/725 899/899 702/702
f 1196/1196 1234/1234 1020/1020
f 728/728 861/861 744/744
f 1251/1251 320/320 1262/1262
f 900/900 963/963 984/984
f 826/826 888/888 931/931
f 555/555 720/720 776/776
f 833/833 705/705 726/726
f 921/921 931/931 926/926
f 188/188 260/260 1030/1030
f 814/814 811/811 682/682
f 808/808 919/919 891/891
f 904/904 906/906 1089/1089
f 710/710 929/929 829/829
f 592/592 979/979 885/885
f 956/956 706/706 882/882
f 852/852 846/846 848/848
f 694/694 812/812 815/815
f 831/831 791/791 921/921
f 964/964 961/961 866/866
f 681/681 1197/1197 1239/1239
f 857/857 922/922 710/710
f 723/723 828/828 859/859
f 895/895 962/962 1067/1067
f 726/726 739/739 833/833
f 576/576 779/779 763/763
f 982/982 1077/1077 734/734
f 1198/1198 1266/1266 1217/1217
f 1112/1112 711/711 843/843
f 827/827 934/934 853/853
f 1004/1004 938/938 817/817
f 853/853 934/934 955/955
f 826/826 859/859 888/888
f 949/949 743/743 850/850
f 849/849 829/829 935/935
f 840/840 6/6 892/892
f 767/767 623/623 534/534
f 831/831 923/923 1031/1031
f 944/944 855/855 941/941
f 906/906 898/898 858/858
f 926/926 763/763 779/779
f 692/692 7/7 759/759
f 1011/1011 756/756 831/831
f 1216/1216 1161/1161 1034/1034
f 867/867 987/987 866/866
f 1066/1066 857/857 849/849
f 962/962 869/869 999/999
f 870/870 689/689 686/686
f 850/850 743/743 758/758
f 741/741 712/712 944/944
f 945/945 850/850 758/758
f 716/716 900/900 1069/1069
f 859/859 770/770 888/888
f 757/757 689/689 870/870
f 782/782 708/708 801/801
f 1118/1118 827/827 691/691
f 807/807 1049/1049 1193/1193
f 838/838 907/907 878/878
f 763/763 767/767 534/534
f 1108/1108 883/883 1106/1106
f 1266/1266 481/481 480/480
f 804/804 825/825 782/782
f 933/933 1150/1150 724/724
f 725/725 702/702 877/877
f 762/762 737/737 793/793
f 797/797 870/870 773/773
f 1207/1207 1161/1161 1216/1216
f 775/775 943/943 970/970
f 816/816 875/875 865/865
f 837/837 774/774 916/916
f 722/722 645/645 957/957
f 775/775 965/965 830/830
f 7/7 692/692 816/816
f 1251/1251 1210/1210 1200/1200
f 866/866 987/987 964/964
f 812/812 713/713 736/736
f 741/741 1093/1093 699/699
f 789/789 779/779 755/755
f 694/694 772/772 812/812
f 815/815 736/736 496/496
f 817/817 895/895 1067/1067
f 937/937 813/813 776/776
f 862/862 873/873 760/760
f 750/750 795/795 832/832
f 683/683 793/793 737/737
f 709/709 832/832 1052/1052
f 769/769 787/787 1063/1063
f 915/915 863/863 953/953
f 139/139 1263/1263 1211/1211
f 1016/1016 695/695 939/939
f 884/884 913/913 701/701
f 1016/1016 939/939 918/918
f 909/909 922/922 891/891
f 1102/1102 977/977 917/917
f 919/919 727/727 688/688
f 933/933 685/685 936/936
f 830/830 741/741 809/809
f 1194/1194 1082/1082 1191/1191
f 772/772 1060/1060 1047/1047
f 1073/1073 759/759 711/711
f 962/962 804/804 869/869
f 962/962 895/895 804/804
f 958/958 848/848 745/745
f 961/961 794/794 866/866
f 700/700 794/794 703/703
f 827/827 853/853 691/691
f 1119/1119 936/936 762/762
f 805/805 683/683 719/719
f 904/904 799/799 898/898
f 801/801 1153/1153 707/707
f 886/886 871/871 912/912
f 804/804 895/895 825/825
f 764/764 895/895 817/817
f 905/905 839/839 764/764
f 795/795 718/718 913/913
f 742/742 890/890 867/867
f 864/864 844/844 902/902
f 1069/1069 900/900 984/984
f 776/776 720/720 937/937
f 910/910 908/908 823/823
f 1035/1035 951/951 756/756
f 764/764 938/938 905/905
f 842/842 932/932 768/768
f 793/793 683/683 774/774
f 886/886 912/912 934/934
f 814/814 748/748 573/573
f 816/816 854/854 7/7
f 732/732 908/908 910/910
f 930/930 759/759 7/7
f 708/708 682/682 811/811
f 1195/1195 1223/1223 1024/1024
f 732/732 715/715 908/908
f 715/715 732/732 920/920
f 864/864 821/821 930/930
f 843/843 821/821 902/902
f 797/797 820/820 925/925
f 920/920 752/752 715/715
f 996/996 1078/1078 1046/1046
f 808/808 787/787 727/727
f 808/808 727/727 919/919
f 905/905 940/940 698/698
f 720/720 880/880 937/937
f 588/588 845/845 798/798
f 891/891 919/919 909/909
f 958/958 852/852 848/848
f 919/919 862/862 909/909
f 1267/1267 1265/1265 810/810
f 283/283 1265/1265 1267/1267
f 940/940 921/921 698/698
f 868/868 863/863 915/915
f 769/769 745/745 787/787
f 1074/1074 987/987 867/867
f 1106/1106 835/835 836/836
f 760/760 929/929 909/909
f 1080/1080 902/902 998/998
f 791/791 723/723 826/826
f 794/794 942/942 746/746
f 720/720 555/555 572/572
f 726/726 954/954 739/739
f 951/951 729/729 828/828
f 849/849 857/857 710/710
f 929/929 922/922 909/909
f 742/742 958/958 996/996
f 721/721 959/959 828/828
f 717/717 871/871 886/886
f 980/980 838/838 977/977
f 829/829 929/929 690/690
f 827/827 788/788 934/934
f 729/729 955/955 828/828
f 1110/1110 729/729 951/951
f 939/939 6/6 842/842
f 1112/1112 843/843 902/902
f 892/892 829/829 840/840
f 853/853 729/729 1110/1110
f 711/711 759/759 843/843
f 935/935 829/829 892/892
f 939/939 935/935 892/892
f 933/933 724/724 685/685
f 1073/1073 692/692 759/759
f 1095/1095 940/940 938/938
f 796/796 941/941 949/949
f 949/949 850/850 950/950
f 1063/1063 808/808 1117/1117
f 839/839 755/755 825/825
f 863/863 773/773 953/953
f 850/850 945/945 914/914
f 934/934 788/788 886/886
f 840/840 882/882 8/8
f 755/755 733/733 789/789
f 840/840 690/690 882/882
f 914/914 943/943 950/950
f 948/948 947/947 824/824
f 1101/1101 1028/1028 922/922
f 915/915 953/953 911/911
f 824/824 947/947 751/751
f 950/950 943/943 796/796
f 863/863 868/868 820/820
f 1101/1101 922/922 857/857
f 1250/1250 1199/1199 1201/1201
f 940/940 1095/1095 923/923
f 809/809 741/741 944/944
f 903/903 484/484 835/835
f 6/6 798/798 932/932
f 728/728 705/705 833/833
f 840/840 8/8 6/6
f 923/923 921/921 940/940
f 783/783 766/766 802/802
f 700/700 872/872 942/942
f 885/885 1235/1235 1012/1012
f 949/949 941/941 743/743
f 770/770 859/859 893/893
f 893/893 859/859 828/828
f 1223/1223 1174/1174 1024/1024
f 1113/1113 827/827 1118/1118
f 1048/1048 962/962 999/999
f 1078/1078 996/996 894/894
f 998/998 827/827 1113/1113
f 1229/1229 1058/1058 1189/1189
f 1004/1004 1071/1071 968/968
f 988/988 967/967 1108/1108
f 1004/1004 968/968 1095/1095
f 1191/1191 1082/1082 973/973
f 1075/1075 1078/1078 985/985
f 1063/1063 985/985 769/769
f 1028/1028 1081/1081 1117/1117
f 1239/1239 1197/1197 1238/1238
f 1140/1140 1105/1105 1046/1046
f 985/985 1063/1063 1081/1081
f 1031/1031 923/923 968/968
f 1147/1147 1005/1005 1012/1012
f 1142/1142 1071/1071 1025/1025
f 1111/1111 1131/1131 1133/1133
f 1043/1043 1171/1171 1102/1102
f 1266/1266 1198/1198 807/807
f 1031/1031 1035/1035 1011/1011
f 1066/1066 1180/1180 1115/1115
f 1155/1155 1116/1116 1055/1055
f 1165/1165 1096/1096 972/972
f 1258/1258 1138/1138 1185/1185
f 1255/1255 1203/1203 188/188
f 986/986 1187/1187 1088/1088
f 1262/1262 1246/1246 1256/1256
f 1051/1051 1113/1113 1152/1152
f 1176/1176 1019/1019 1115/1115
f 1014/1014 1119/1119 1116/1116
f 1032/1032 1187/1187 1033/1033
f 990/990 1019/1019 1160/1160
f 1124/1124 1003/1003 1059/1059
f 885/885 1012/1012 1159/1159
f 1092/1092 1023/1023 988/988
f 1084/1084 1089/1089 906/906
f 1103/1103 1091/1091 1086/1086
f 1019/1019 1161/1161 1097/1097
f 1142/1142 1128/1128 1071/1071
f 711/711 1107/1107 1073/1073
f 1222/1222 1148/1148 1092/1092
f 1120/1120 1021/1021 1130/1130
f 1178/1178 982/982 1103/1103
f 1139/1139 1015/1015 1122/1122
f 1152/1152 1118/1118 1183/1183
f 1021/1021 1167/1167 1130/1130
f 1046/1046 1078/1078 1140/1140
f 1139/1139 1059/1059 981/981
f 1082/1082 1154/1154 973/973
f 1222/1222 1092/1092 1225/1225
f 1143/1143 1040/1040 1155/1155
f 1023/1023 899/899 967/967
f 1007/1007 927/927 961/961
f 1164/1164 1153/1153 1150/1150
f 1004/1004 1095/1095 938/938
f 1052/1052 1062/1062 1060/1060
f 1169/1169 964/964 987/987
f 1126/1126 1138/1138 1164/1164
f 1101/1101 990/990 1160/1160
f 1101/1101 1160/1160 1028/1028
f 1221/1221 1264/1264 1222/1222
f 1009/1009 1006/1006 1138/1138
f 1055/1055 1119/1119 762/762
f 1099/1099 968/968 1071/1071
f 897/897 1065/1065 1068/1068
f 1101/1101 857/857 1066/1066
f 1105/1105 1010/1010 1046/1046
f 1144/1144 1169/1169 1074/1074
f 1161/1161 1176/1176 1034/1034
f 1006/1006 1076/1076 1048/1048
f 1037/1037 1155/1155 1148/1148
f 1142/1142 1156/1156 1128/1128
f 1079/1079 1157/1157 1162/1162
f 1037/1037 1135/1135 1155/1155
f 1029/1029 1110/1110 989/989
f 1185/1185 1126/1126 1157/1157
f 1248/1248 11/11 1042/1042
f 1112/1112 902/902 1080/1080
f 924/924 1125/1125 1083/1083
f 995/995 1180/1180 935/935
f 1186/1186 983/983 984/984
f 983/983 981/981 1069/1069
f 1162/1162 1050/1050 1014/1014
f 1053/1053 1157/1157 11/11
f 1238/1238 1041/1041 1243/1243
f 1187/1187 1045/1045 1033/1033
f 1202/1202 979/979 1220/1220
f 1045/1045 1171/1171 1033/1033
f 1099/1099 1174/1174 1175/1175
f 1209/1209 1088/1088 974/974
f 1057/1057 1032/1032 1033/1033
f 1219/1219 1092/1092 1032/1032
f 9/9 1015/1015 983/983
f 1005/1005 1178/1178 1159/1159
f 1164/1164 1162/1162 1126/1126
f 1188/1188 1185/1185 1053/1053
f 1186/1186 1007/1007 9/9
f 1199/1199 1188/1188 1201/1201
f 1000/1000 1158/1158 740/740
f 1153/1153 1164/1164 1006/1006
f 1188/1188 1258/1258 1185/1185
f 1156/1156 817/817 1067/1067
f 1006/1006 999/999 896/896
f 984/984 927/927 1186/1186
f 1061/1061 1002/1002 1229/1229
f 348/348 1203/1203 1208/1208
f 1144/1144 1074/1074 1010/1010
f 1094/1094 1022/1022 1127/1127
f 1167/1167 1165/1165 972/972
f 817/817 1156/1156 1025/1025
f 1153/1153 1006/1006 896/896
f 1124/1124 1190/1190 1003/1003
f 1012/1012 1146/1146 1147/1147
f 714/714 1173/1173 1082/1082
f 1087/1087 986/986 1129/1129
f 1177/1177 778/778 1068/1068
f 1252/1252 1042/1042 1070/1070
f 1109/1109 1024/1024 1174/1174
f 836/836 838/838 980/980
f 968/968 923/923 1095/1095
f 976/976 1180/1180 995/995
f 1157/1157 1126/1126 1162/1162
f 1229/1229 1189/1189 1111/1111
f 1110/1110 1035/1035 989/989
f 1059/1059 978/978 981/981
f 983/983 1015/1015 981/981
f 1166/1166 711/711 1112/1112
f 1226/1226 1182/1182 1131/1131
f 1025/1025 1004/1004 817/817
f 1053/1053 1185/1185 1157/1157
f 9/9 983/983 1186/1186
f 1016/1016 995/995 695/695
f 1061/1061 1133/1133 1085/1085
f 973/973 1184/1184 1017/1017
f 1108/1108 1179/1179 1129/1129
f 1121/1121 1048/1048 1076/1076
f 1017/1017 1184/1184 1097/1097
f 1195/1195 1128/1128 1261/1261
f 1158/1158 1000/1000 1120/1120
f 1209/1209 1038/1038 1088/1088
f 1177/1177 1190/1190 1124/1124
f 994/994 936/936 1119/1119
f 1169/1169 1007/1007 964/964
f 1063/1063 1117/1117 1081/1081
f 1127/1127 1022/1022 997/997
f 1039/1039 980/980 1187/1187
f 1123/1123 1094/1094 1051/1051
f 1149/1149 11/11 1079/1079
f 1181/1181 810/810 1243/1243
f 1205/1205 989/989 1134/1134
f 1035/1035 756/756 1011/1011
f 1147/1147 1146/1146 1136/1136
f 1078/1078 769/769 985/985
f 1137/1137 1035/1035 1031/1031
f 1110/1110 951/951 1035/1035
f 1147/1147 1016/1016 1005/1005
f 1109/1109 1099/1099 1071/1071
f 1115/1115 1019/1019 990/990
f 1155/1155 1055/1055 1143/1143
f 1115/1115 1180/1180 976/976
f 1051/1051 1152/1152 1125/1125
f 1175/1175 1205/1205 1134/1134
f 1258/1258 1009/1009 1138/1138
f 1190/1190 1177/1177 1068/1068
f 1010/1010 1074/1074 890/890
f 1163/1163 970/970 1130/1130
f 1120/1120 1130/1130 970/970
f 1248/1248 1252/1252 1253/1253
f 1163/1163 1130/1130 1036/1036
f 1010/1010 890/890 1046/1046
f 1046/1046 890/890 996/996
f 943/943 1158/1158 970/970
f 1247/1247 1255/1255 771/771
f 1090/1090 1121/1121 1076/1076
f 976/976 1136/1136 1176/1176
f 775/775 1163/1163 965/965
f 973/973 1075/1075 1184/1184
f 1064/1064 1114/1114 1105/1105
f 1064/1064 1105/1105 1173/1173
f 1036/1036 1130/1130 1167/1167
f 1213/1213 1202/1202 1259/1259
f 1183/1183 1029/1029 1141/1141
f 1234/1234 1252/1252 1264/1264
f 1183/1183 1141/1141 1083/1083
f 1092/1092 1219/1219 1225/1225
f 1127/1127 1166/1166 975/975
f 1187/1187 980/980 1045/1045
f 1097/1097 1160/1160 1019/1019
f 1139/1139 981/981 1015/1015
f 1038/1038 1039/1039 986/986
f 965/965 1096/1096 1093/1093
f 1102/1102 1171/1171 1045/1045
f 1087/1087 1151/1151 986/986
f 1038/1038 986/986 1088/1088
f 836/836 980/980 1170/1170
f 1045/1045 980/980 1102/1102
f 1263/1263 696/696 1211/1211
f 1047/1047 1062/1062 1043/1043
f 1148/1148 1155/1155 1040/1040
f 1263/1263 1104/1104 696/696
f 1252/1252 1070/1070 1264/1264
f 1006/1006 1009/1009 1076/1076
f 1085/1085 1133/1133 1169/1169
f 899/899 725/725 967/967
f 1076/1076 1009/1009 1258/1258
f 1121/1121 1156/1156 1048/1048
f 1002/1002 1114/1114 1064/1064
f 982/982 734/734 1089/1089
f 899/899 1148/1148 1040/1040
f 1144/1144 1105/1105 1114/1114
f 1205/1205 1214/1214 1141/1141
f 1260/1260 1245/1245 749/749
f 1214/1214 1083/1083 1141/1141
f 1248/1248 1042/1042 1252/1252
f 986/986 1039/1039 1187/1187
f 1261/1261 1128/1128 1121/1121
f 1115/1115 976/976 1176/1176
f 1102/1102 917/917 1047/1047
f 1143/1143 1055/1055 762/762
f 995/995 1016/1016 1136/1136
f 1226/1226 806/806 1182/1182
f 1116/1116 1119/1119 1055/1055
f 1152/1152 1183/1183 1125/1125
f 1166/1166 1127/1127 997/997
f 994/994 1119/1119 1014/1014
f 1111/1111 1226/1226 1131/1131
f 1094/1094 975/975 1051/1051
f 1056/1056 973/973 1017/1017
f 1173/1173 1140/1140 1154/1154
f 1150/1150 1050/1050 1164/1164
f 1090/1090 1076/1076 1049/1049
f 1186/1186 927/927 1007/1007
f 1176/1176 1161/1161 1019/1019
f 1037/1037 1042/1042 1135/1135
f 1023/1023 1148/1148 899/899
f 1156/1156 1067/1067 1048/1048
f 1043/1043 1102/1102 1047/1047
f 1201/1201 1188/1188 1053/1053
f 1140/1140 1075/1075 1154/1154
f 1185/1185 1138/1138 1126/1126
f 1064/1064 1173/1173 714/714
f 1061/1061 1111/1111 1133/1133
f 1240/1240 1249/1249 1245/1245
f 1152/1152 1113/1113 1118/1118
f 1005/1005 1159/1159 1012/1012
f 1115/1115 990/990 1066/1066
f 1002/1002 1085/1085 1114/1114
f 1137/1137 989/989 1035/1035
f 1166/1166 1107/1107 711/711
f 1124/1124 1139/1139 1182/1182
f 1085/1085 1169/1169 1144/1144
f 1182/1182 1139/1139 1122/1122
f 1187/1187 1032/1032 1088/1088
f 806/806 1177/1177 1124/1124
f 1086/1086 1054/1054 1178/1178
f 1099/1099 1031/1031 968/968
f 1116/1116 1149/1149 1014/1014
f 1056/1056 1097/1097 1207/1207
f 1212/1212 1205/1205 1175/1175
f 1005/1005 918/918 1077/1077
f 1128/1128 1024/1024 1071/1071
f 1149/1149 1162/1162 1014/1014
f 1086/1086 1178/1178 1103/1103
f 1159/1159 1054/1054 1236/1236
f 1129/1129 1179/1179 1168/1168
f 1162/1162 1164/1164 1050/1050
f 1085/1085 1144/1144 1114/1114
f 997/997 1107/1107 1166/1166
f 341/341 780/780 549/549
f 1056/1056 1017/1017 1097/1097
f 1075/1075 1140/1140 1078/1078
f 1154/1154 1082/1082 1173/1173
f 980/980 977/977 1102/1102
f 1205/1205 1141/1141 989/989
f 1089/1089 1103/1103 982/982
f 1178/1178 1054/1054 1159/1159
f 1132/1132 558/558 1224/1224
f 1092/1092 1148/1148 1023/1023
f 1034/1034 1136/1136 1146/1146
f 11/11 1157/1157 1079/1079
f 975/975 1113/1113 1051/1051
f 1116/1116 1155/1155 1135/1135
f 1098/1098 1202/1202 1220/1220
f 1123/1123 1022/1022 1094/1094
f 775/775 970/970 1163/1163
f 385/385 1220/1220 738/738
f 806/806 771/771 1177/1177
f 1167/1167 1021/1021 1165/1165
f 924/924 1214/1214 1001/1001
f 1051/1051 1125/1125 1026/1026
f 933/933 994/994 1150/1150
f 1117/1117 891/891 1028/1028
f 1154/1154 1075/1075 973/973
f 885/885 1159/1159 1236/1236
f 1118/1118 691/691 1029/1029
f 1162/1162 1149/1149 1079/1079
f 1108/1108 1151/1151 988/988
f 1244/1244 697/697 301/301
f 1031/1031 1011/1011 831/831
f 988/988 1023/1023 967/967
f 1216/1216 1034/1034 1235/1235
f 1120/1120 1000/1000 1021/1021
f 1122/1122 9/9 1133/1133
f 1180/1180 1066/1066 849/849
f 974/974 1088/1088 1032/1032
f 1106/1106 1179/1179 1108/1108
f 1169/1169 987/987 1074/1074
f 1048/1048 999/999 1006/1006
f 1191/1191 1056/1056 1207/1207
f 995/995 935/935 695/695
f 1247/1247 1189/1189 1208/1208
f 1176/1176 1136/1136 1034/1034
f 1142/1142 1025/1025 1156/1156
f 1099/1099 1137/1137 1031/1031
f 1099/1099 1134/1134 1137/1137
f 778/778 897/897 1068/1068
f 1121/1121 1128/1128 1156/1156
f 1232/1232 897/897 1230/1230
f 1134/1134 989/989 1137/1137
f 1005/1005 1077/1077 1178/1178
f 1113/1113 1080/1080 998/998
f 1014/1014 1050/1050 994/994
f 1136/1136 976/976 995/995
f 1000/1000 740/740 699/699
f 1178/1178 1077/1077 982/982
f 1000/1000 699/699 1093/1093
f 1060/1060 1062/1062 1047/1047
f 1096/1096 1165/1165 1093/1093
f 1016/1016 1147/1147 1136/1136
f 1039/1039 1170/1170 980/980
f 9/9 1007/1007 1133/1133
f 1257/1257 1259/1259 1027/1027
f 1222/1222 1037/1037 1148/1148
f 1124/1124 1059/1059 1139/1139
f 1179/1179 1106/1106 836/836
f 1127/1127 975/975 1094/1094
f 771/771 778/778 1177/1177
f 1071/1071 1004/1004 1025/1025
f 1122/1122 1131/1131 1182/1182
f 1002/1002 1064/1064 1237/1237
f 1050/1050 1150/1150 994/994
f 1007/1007 961/961 964/964
f 918/918 1005/1005 1016/1016
f 1191/1191 973/973 1056/1056
f 1248/1248 1053/1053 11/11
f 1212/1212 1175/1175 1174/1174
f 709/709 1052/1052 1060/1060
f 1080/1080 1113/1113 975/975
f 1135/1135 1149/1149 1116/1116
f 1131/1131 1122/1122 1133/1133
f 1098/1098 1220/1220 385/385
f 975/975 1112/1112 1080/1080
f 1122/1122 1015/1015 9/9
f 1158/1158 1120/1120 970/970
f 1230/1230 897/897 778/778
f 1103/1103 1089/1089 1091/1091
f 1091/1091 1089/1089 1084/1084
f 1166/1166 1112/1112 975/975
f 1222/1222 1070/1070 1037/1037
f 1069/1069 984/984 983/983
f 1151/1151 1108/1108 1129/1129
f 1123/1123 1051/1051 1026/1026
f 1141/1141 1029/1029 989/989
f 1021/1021 1000/1000 1093/1093
f 1021/1021 1093/1093 1165/1165
f 1183/1183 1118/1118 1029/1029
f 1070/1070 1042/1042 1037/1037
f 1133/1133 1007/1007 1169/1169
f 1032/1032 1092/1092 988/988
f 1061/1061 1229/1229 1111/1111
f 969/969 1225/1225 1240/1240
f 1231/1231 952/952 1215/1215
f 1140/1140 1173/1173 1105/1105
f 1128/1128 1195/1195 1024/1024
f 1184/1184 1075/1075 985/985
f 1175/1175 1134/1134 1099/1099
f 1225/1225 1249/1249 1240/1240
f 986/986 1151/1151 1129/1129
f 1101/1101 1066/1066 990/990
f 1121/1121 1090/1090 1261/1261
f 1010/1010 1105/1105 1144/1144
f 1042/1042 11/11 1149/1149
f 1200/1200 1210/1210 1196/1196
f 1070/1070 1222/1222 1264/1264
f 780/780 1204/1204 1013/1013
f 1235/1235 1146/1146 1012/1012
f 1207/1207 1097/1097 1161/1161
f 1029/1029 691/691 1110/1110
f 216/216 1241/1241 1204/1204
f 1149/1149 1135/1135 1042/1042
f 1262/1262 1193/1193 1246/1246
f 806/806 1124/1124 1182/1182
f 1083/1083 1125/1125 1183/1183
f 1024/1024 1109/1109 1071/1071
f 1217/1217 1223/1223 1195/1195
f 991/991 966/966 1132/1132
f 1174/1174 1099/1099 1109/1109
f 1138/1138 1006/1006 1164/1164
f 1244/1244 1058/1058 681/681
f 1172/1172 851/851 1219/1219
f 1200/1200 1196/1196 313/313
f 1030/1030 1227/1227 188/188
f 1041/1041 1082/1082 1194/1194
f 974/974 1032/1032 1057/1057
f 971/971 1181/1181 991/991
f 558/558 1207/1207 1224/1224
f 1224/1224 1207/1207 1216/1216
f 696/696 316/316 1211/1211
f 1215/1215 952/952 924/924
f 1181/1181 1233/1233 1267/1267
f 1251/1251 1250/1250 1210/1210
f 1257/1257 991/991 1132/1132
f 1231/1231 696/696 952/952
f 139/139 993/993 1263/1263
f 1215/1215 1001/1001 1008/1008
f 1251/1251 1256/1256 1250/1250
f 1194/1194 966/966 1243/1243
f 1244/1244 1208/1208 1189/1189
f 1198/1198 1217/1217 1195/1195
f 1008/1008 1001/1001 1218/1218
f 1221/1221 1222/1222 1225/1225
f 1249/1249 1219/1219 851/851
f 1072/1072 1204/1204 780/780
f 1266/1266 1254/1254 549/549
f 1227/1227 654/654 1230/1230
f 974/974 992/992 1209/1209
f 1217/1217 1206/1206 1223/1223
f 1227/1227 1030/1030 654/654
f 1196/1196 1020/1020 1018/1018
f 1267/1267 810/810 1181/1181
f 1132/1132 1213/1213 1257/1257
f 481/481 807/807 1193/1193
f 1196/1196 1210/1210 1253/1253
f 1208/1208 1255/1255 1247/1247
f 1213/1213 1216/1216 1235/1235
f 1224/1224 1216/1216 1213/1213
f 1044/1044 1076/1076 1258/1258
f 1020/1020 1260/1260 749/749
f 1181/1181 1243/1243 991/991
f 1090/1090 1192/1192 1261/1261
f 481/481 1262/1262 320/320
f 749/749 1245/1245 1249/1249
f 1020/1020 1234/1234 1260/1260
f 1210/1210 1250/1250 1253/1253
f 1100/1100 803/803 1232/1232
f 803/803 777/777 1242/1242
f 1250/1250 1256/1256 1199/1199
f 1125/1125 924/924 1026/1026
f 697/697 1265/1265 283/283
f 1189/1189 1145/1145 1111/1111
f 549/549 1217/1217 1266/1266
f 1235/1235 1034/1034 1146/1146
f 1221/1221 1260/1260 1234/1234
f 1214/1214 1205/1205 1212/1212
f 696/696 1104/1104 952/952
f 1104/1104 1026/1026 952/952
f 1013/1013 1206/1206 1217/1217
f 1181/1181 971/971 1233/1233
f 1246/1246 1044/1044 1199/1199
f 1204/1204 1206/1206 1013/1013
f 1250/1250 1201/1201 1253/1253
f 188/188 1227/1227 1255/1255
f 1218/1218 1001/1001 1212/1212
f 1198/1198 1195/1195 1261/1261
f 1104/1104 1123/1123 1026/1026
f 313/313 1196/1196 1018/1018
f 1247/1247 771/771 806/806
f 1243/1243 1041/1041 1194/1194
f 1237/1237 714/714 1197/1197
f 1058/1058 1229/1229 1002/1002
f 1008/1008 1241/1241 1215/1215
f 993/993 1022/1022 1123/1123
f 1246/1246 1049/1049 1044/1044
f 1197/1197 714/714 1041/1041
f 1058/1058 1237/1237 681/681
f 1083/1083 1214/1214 924/924
f 1027/1027 1259/1259 270/270
f 1192/1192 1049/1049 807/807
f 1218/1218 1212/1212 1174/1174
f 1253/1253 1201/1201 1248/1248
f 1259/1259 1257/1257 1213/1213
f 1254/1254 1266/1266 480/480
f 1193/1193 1262/1262 481/481
f 681/681 1265/1265 697/697
f 1263/1263 1123/1123 1104/1104
f 1207/1207 966/966 1191/1191
f 1013/1013 1217/1217 549/549
f 1263/1263 993/993 1123/1123
f 1194/1194 1191/1191 966/966
f 1218/1218 1174/1174 1223/1223
f 971/971 213/213 1233/1233
f 1206/1206 1241/1241 1008/1008
f 885/885 979/979 1235/1235
f 991/991 1243/1243 966/966
f 1238/1238 810/810 1239/1239
f 1032/1032 1172/1172 1219/1219
